LastName,Gender,Country,Continent,Weight_kg,Height_m,Developed_country
Moon,Female,United Kingdom,Europe,62.41,1.95,True
Fowler,Male,Peru,South America,99.27,1.77,False
White,Male,Germany,Europe,98.48,2.0,True
Harvey,Female,Peru,South America,93.91,1.95,False
Miller,Male,Japan,Asia,55.36,1.51,True
Moore,Male,Japan,Asia,92.62,1.59,True
Thomas,Female,Qatar,Asia,77.51,1.85,True
Holland,Female,Brazil,South America,64.36,1.73,False
Watson,Male,China,Asia,93.6,1.57,False
Medina,Female,Qatar,Asia,65.84,1.85,True
Jacobs,Female,Canada,North America,91.27,1.87,True
Pittman,Female,Singapore,Asia,76.46,1.55,True
Moore,Male,Japan,Asia,57.94,1.58,True
Myers,Male,Canada,North America,52.66,1.63,True
Brock,Male,Thailand,Asia,57.26,1.64,False
Sharp,Male,South Africa,Africa,94.88,1.88,False
Davies,Male,South Africa,Africa,77.04,1.97,False
Ryan,Female,Australia,Oceania,85.77,1.72,True
Washington,Male,Russia,Europe,55.44,1.64,False
Williams,Male,Italy,Europe,56.52,1.87,True
Hines,Female,China,Asia,60.6,1.75,False
Steele,Male,Brazil,South America,85.56,1.72,False
Reed,Female,Russia,Europe,60.28,1.97,False
Mays,Male,Brazil,South America,76.74,1.8,False
Todd,Male,South Africa,Africa,60.0,1.5,False
Jenkins,Female,Italy,Europe,95.54,1.98,True
Hughes,Female,Mexico,North America,90.5,1.77,False
Howard,Male,Japan,Asia,99.55,1.51,True
Rodriguez,Female,Germany,Europe,58.88,1.83,True
Mathis,Female,Peru,South America,74.13,1.86,False
Cooper,Female,Peru,South America,90.35,1.63,False
Mcneil,Male,Brazil,South America,83.02,1.69,False
Castillo,Male,United States,North America,95.43,1.82,True
Lucas,Female,Russia,Europe,63.19,1.69,False
Peterson,Male,Mexico,North America,75.51,1.53,False
Smith,Female,United Kingdom,Europe,90.7,1.68,True
Boyer,Female,Canada,North America,64.73,1.55,True
Walker,Male,China,Asia,88.67,1.75,False
Todd,Female,Singapore,Asia,66.1,1.55,True
Anderson,Female,China,Asia,69.35,1.64,False
Wilson,Female,United Kingdom,Europe,99.15,1.71,True
Salas,Female,United Kingdom,Europe,50.52,1.67,True
Valencia,Female,Mexico,North America,68.18,1.55,False
Cardenas,Male,Mexico,North America,56.74,1.98,False
Richardson,Female,Qatar,Asia,74.44,1.61,True
Walker,Female,Russia,Europe,96.27,1.65,False
Huerta,Female,China,Asia,58.54,1.85,False
Johnson,Male,Italy,Europe,55.7,1.85,True
Parks,Male,France,Europe,60.07,1.78,True
Knight,Male,Qatar,Asia,93.47,1.66,True
Compton,Male,Australia,Oceania,99.15,1.69,True
Rogers,Female,United States,North America,70.65,1.72,True
Smith,Female,United States,North America,95.72,1.8,True
Wright,Male,Australia,Oceania,62.82,1.68,True
Jackson,Male,Brazil,South America,51.4,1.87,False
Ortiz,Female,Italy,Europe,67.56,1.85,True
Hudson,Male,United Kingdom,Europe,73.53,1.84,True
Pratt,Female,South Africa,Africa,72.18,1.84,False
Shannon,Female,Australia,Oceania,94.44,1.72,True
Maxwell,Male,Russia,Europe,55.41,1.54,False
Clark,Male,Thailand,Asia,88.08,1.99,False
Edwards,Female,South Africa,Africa,89.58,1.8,False
Cook,Female,Peru,South America,52.85,1.5,False
Chandler,Male,Mexico,North America,93.05,1.74,False
Eaton,Male,Singapore,Asia,86.06,1.89,True
Grant,Male,United Kingdom,Europe,98.0,1.86,True
Thompson,Male,Italy,Europe,63.08,1.99,True
Russell,Female,Qatar,Asia,51.21,1.9,True
Johnson,Male,Australia,Oceania,61.45,1.8,True
Garrett,Male,Canada,North America,90.75,1.54,True
Smith,Female,Peru,South America,52.0,1.6,False
Grant,Male,Peru,South America,77.62,1.79,False
Mcbride,Male,Brazil,South America,82.28,1.75,False
Best,Female,Italy,Europe,52.29,1.66,True
Garcia,Male,Russia,Europe,69.46,1.67,False
Mcbride,Male,Italy,Europe,88.22,1.98,True
Scott,Female,Japan,Asia,60.81,1.7,True
Avery,Male,South Africa,Africa,71.3,1.64,False
Hart,Male,Russia,Europe,63.63,2.0,False
Alexander,Female,Australia,Oceania,99.18,1.52,True
Harris,Male,Peru,South America,54.03,1.98,False
Parker,Female,Qatar,Asia,84.38,1.88,True
Mercer,Male,China,Asia,70.4,2.0,False
Key,Female,United States,North America,51.14,1.6,True
Morton,Male,France,Europe,97.53,1.86,True
Powell,Male,Mexico,North America,64.99,1.84,False
Sloan,Female,Italy,Europe,50.14,1.81,True
Alvarez,Male,South Africa,Africa,56.22,1.59,False
Duran,Female,Russia,Europe,64.55,1.72,False
Glenn,Male,Mexico,North America,71.58,1.58,False
Glover,Female,United States,North America,62.71,1.81,True
Kim,Male,Peru,South America,90.83,1.79,False
Fisher,Male,United States,North America,72.04,1.86,True
Williams,Male,China,Asia,92.67,1.86,False
Brown,Female,Qatar,Asia,75.53,1.81,True
Pierce,Female,Australia,Oceania,56.8,1.81,True
Hall,Female,Qatar,Asia,90.15,1.94,True
Price,Male,Canada,North America,76.1,1.71,True
Medina,Female,Russia,Europe,88.05,1.78,False
Garza,Female,Russia,Europe,80.43,1.85,False
Olson,Female,United States,North America,62.93,1.55,True
Moore,Male,Italy,Europe,61.94,1.6,True
Rogers,Male,Singapore,Asia,55.66,1.57,True
Palmer,Female,Qatar,Asia,58.57,1.51,True
Sanchez,Female,France,Europe,85.91,1.74,True
Huffman,Female,Australia,Oceania,80.45,1.76,True
Shepard,Female,France,Europe,90.64,1.61,True
Holt,Female,Germany,Europe,83.94,1.75,True
Benson,Male,Japan,Asia,83.06,1.81,True
Powell,Female,Russia,Europe,55.65,1.59,False
Herring,Female,United Kingdom,Europe,97.92,1.91,True
Kemp,Male,Italy,Europe,50.42,1.7,True
Harper,Female,United States,North America,59.65,1.82,True
Duncan,Male,China,Asia,55.83,1.51,False
Henderson,Male,Canada,North America,67.56,1.88,True
Roy,Male,Peru,South America,91.91,1.96,False
Yu,Male,Germany,Europe,89.45,1.52,True
Baker,Male,Germany,Europe,81.63,1.74,True
Gross,Male,Australia,Oceania,78.59,1.6,True
Taylor,Female,Canada,North America,67.35,1.5,True
Thomas,Male,Germany,Europe,54.53,2.0,True
Cook,Male,Peru,South America,73.81,1.63,False
Armstrong,Female,Brazil,South America,83.51,1.65,False
Martinez,Female,Mexico,North America,78.63,1.59,False
Espinoza,Female,Japan,Asia,83.73,1.84,True
Murphy,Male,France,Europe,83.17,1.93,True
Cox,Male,Thailand,Asia,59.63,1.88,False
Robbins,Female,Brazil,South America,56.28,1.58,False
Daniels,Female,Mexico,North America,75.63,1.79,False
Hall,Female,Italy,Europe,91.86,1.84,True
Rowland,Male,Mexico,North America,53.31,1.81,False
Ward,Female,Singapore,Asia,74.8,1.8,True
Navarro,Male,Canada,North America,64.83,1.93,True
Harrison,Female,Japan,Asia,63.58,1.52,True
Porter,Female,Brazil,South America,82.96,1.6,False
Davis,Male,Peru,South America,92.87,1.92,False
Nelson,Female,Canada,North America,59.77,1.83,True
Poole,Male,Australia,Oceania,71.32,1.8,True
Carroll,Female,China,Asia,78.55,2.0,False
Payne,Male,Mexico,North America,59.59,1.71,False
Herman,Male,South Africa,Africa,99.9,1.87,False
Barton,Female,South Africa,Africa,72.52,1.5,False
Houston,Female,United Kingdom,Europe,80.66,1.74,True
Bradley,Female,Brazil,South America,86.32,1.6,False
Perez,Female,Australia,Oceania,73.75,1.57,True
Terrell,Male,France,Europe,97.34,1.69,True
Burgess,Male,United Kingdom,Europe,57.38,1.76,True
Long,Female,Singapore,Asia,52.06,1.74,True
Anthony,Male,Canada,North America,92.55,1.56,True
Levine,Male,Germany,Europe,51.8,1.94,True
Madden,Female,South Africa,Africa,68.66,1.97,False
Wilson,Female,Qatar,Asia,75.94,1.58,True
Thompson,Male,China,Asia,67.71,1.73,False
Beck,Male,Thailand,Asia,52.13,1.65,False
Cooper,Male,Italy,Europe,86.17,1.57,True
Morris,Male,Canada,North America,89.21,1.59,True
Jackson,Female,Brazil,South America,99.15,1.68,False
English,Male,Italy,Europe,74.45,2.0,True
Vasquez,Female,United States,North America,90.19,1.57,True
Fowler,Male,Thailand,Asia,62.02,1.69,False
Sanchez,Female,Australia,Oceania,75.09,1.61,True
Jenkins,Female,Canada,North America,84.64,1.51,True
Kim,Female,Thailand,Asia,83.36,1.86,False
Cunningham,Female,Canada,North America,85.81,1.67,True
Richards,Male,South Africa,Africa,68.27,1.74,False
Roberts,Female,France,Europe,94.91,1.95,True
Huynh,Male,Peru,South America,57.1,1.73,False
Salinas,Male,France,Europe,84.69,1.85,True
Garcia,Female,Russia,Europe,50.63,1.56,False
Watson,Male,United States,North America,98.35,1.97,True
Burke,Female,United Kingdom,Europe,72.28,1.87,True
Gonzalez,Female,Singapore,Asia,86.21,1.8,True
Reyes,Female,Brazil,South America,67.73,1.67,False
Simmons,Male,Thailand,Asia,64.11,1.83,False
Hernandez,Female,Japan,Asia,73.18,1.76,True
Young,Female,Thailand,Asia,53.87,1.52,False
Jackson,Male,Qatar,Asia,78.23,1.86,True
Galloway,Female,Peru,South America,64.06,1.97,False
Torres,Male,Japan,Asia,93.03,1.55,True
Montoya,Male,France,Europe,72.6,1.66,True
Haley,Female,South Africa,Africa,77.42,1.6,False
Jennings,Female,Australia,Oceania,63.29,1.73,True
Medina,Female,United Kingdom,Europe,78.09,1.97,True
Garrett,Female,United States,North America,80.97,1.9,True
Lucero,Male,Canada,North America,80.3,1.52,True
Garcia,Male,Canada,North America,66.81,1.53,True
Rodriguez,Male,France,Europe,80.27,2.0,True
Martin,Female,South Africa,Africa,91.68,1.89,False
Lopez,Male,Thailand,Asia,81.34,1.68,False
Brown,Male,Qatar,Asia,94.62,1.59,True
Lewis,Male,Australia,Oceania,54.33,1.52,True
Dyer,Male,Brazil,South America,81.11,1.82,False
Chang,Female,Japan,Asia,50.58,1.59,True
Phillips,Male,Russia,Europe,80.68,1.54,False
Allen,Female,United Kingdom,Europe,68.78,1.94,True
Dominguez,Female,Qatar,Asia,75.05,1.52,True
Brooks,Male,Australia,Oceania,65.98,1.55,True
Weaver,Male,France,Europe,56.79,1.93,True
Baker,Female,France,Europe,66.16,1.56,True
Smith,Female,Australia,Oceania,90.28,1.74,True
Castillo,Male,China,Asia,95.39,1.57,False
Coleman,Female,Italy,Europe,98.32,1.83,True
Harris,Male,China,Asia,59.06,1.67,False
Friedman,Male,China,Asia,65.87,1.57,False
Frazier,Male,Italy,Europe,68.3,1.64,True
Collier,Female,Italy,Europe,67.78,1.82,True
Parsons,Male,Brazil,South America,89.61,1.67,False
Blair,Male,Singapore,Asia,71.38,1.73,True
Robinson,Female,Italy,Europe,84.74,1.92,True
Berry,Male,France,Europe,57.84,1.65,True
Ayala,Male,Mexico,North America,71.78,1.61,False
Ferrell,Male,Peru,South America,96.3,1.52,False
Clark,Male,Brazil,South America,60.72,1.6,False
Stewart,Male,Qatar,Asia,88.63,1.72,True
Villanueva,Male,Brazil,South America,87.61,1.99,False
Robinson,Male,Brazil,South America,79.93,1.58,False
Simpson,Male,Australia,Oceania,94.3,1.91,True
Hernandez,Male,Mexico,North America,50.7,1.97,False
Rivera,Male,France,Europe,80.58,1.67,True
Hood,Male,United Kingdom,Europe,51.56,1.63,True
Richardson,Female,Russia,Europe,50.6,1.92,False
Santana,Female,Japan,Asia,94.09,1.61,True
Dixon,Female,United Kingdom,Europe,67.73,1.96,True
Thomas,Male,Germany,Europe,88.07,1.83,True
Sanchez,Male,United Kingdom,Europe,90.44,1.86,True
Gutierrez,Male,Germany,Europe,72.35,1.91,True
Patrick,Female,Peru,South America,73.26,1.58,False
Nelson,Female,Germany,Europe,98.68,1.93,True
Hamilton,Female,Brazil,South America,69.05,1.97,False
Wells,Male,China,Asia,87.81,1.5,False
Perez,Female,Singapore,Asia,59.31,1.87,True
Berry,Male,Russia,Europe,89.43,1.72,False
Hernandez,Male,Peru,South America,83.4,1.68,False
Lee,Female,Russia,Europe,80.8,1.78,False
Ochoa,Male,Thailand,Asia,69.58,1.76,False
Davis,Female,Japan,Asia,88.05,1.68,True
Sullivan,Female,China,Asia,69.59,1.73,False
White,Female,South Africa,Africa,71.7,1.99,False
Jordan,Male,Peru,South America,63.01,1.79,False
Willis,Female,Brazil,South America,62.18,1.84,False
Wood,Male,Italy,Europe,82.51,1.77,True
Banks,Male,Thailand,Asia,83.19,1.61,False
Hart,Male,Canada,North America,72.34,1.84,True
Petty,Female,Peru,South America,76.61,1.81,False
Lewis,Male,Australia,Oceania,57.04,1.94,True
Wells,Male,Russia,Europe,78.6,1.98,False
Fuentes,Female,Thailand,Asia,83.27,1.84,False
Anderson,Female,United Kingdom,Europe,78.71,1.86,True
Smith,Male,South Africa,Africa,99.08,1.87,False
Davis,Female,China,Asia,93.19,1.95,False
Fitzpatrick,Female,Peru,South America,62.68,1.96,False
Carpenter,Male,Canada,North America,94.97,1.9,True
Avery,Female,United States,North America,58.18,1.58,True
West,Female,France,Europe,96.6,1.93,True
Sutton,Male,South Africa,Africa,72.47,1.95,False
Steele,Male,Germany,Europe,96.14,1.55,True
Chapman,Male,South Africa,Africa,53.87,1.9,False
Jones,Male,South Africa,Africa,78.9,1.9,False
Mason,Male,Italy,Europe,78.3,1.54,True
Mcdaniel,Female,Mexico,North America,52.34,1.77,False
Reeves,Female,Mexico,North America,51.16,1.81,False
Hood,Male,South Africa,Africa,78.79,1.91,False
Taylor,Male,United Kingdom,Europe,99.99,1.65,True
Reed,Male,France,Europe,51.32,1.75,True
Smith,Male,Germany,Europe,78.27,1.62,True
Miller,Male,Mexico,North America,69.67,1.59,False
Anderson,Female,Australia,Oceania,83.09,1.86,True
Bailey,Male,Canada,North America,62.84,1.55,True
Hernandez,Male,United Kingdom,Europe,89.58,1.73,True
Mayer,Male,Italy,Europe,52.99,1.6,True
Johnson,Female,France,Europe,98.62,1.91,True
Jensen,Male,France,Europe,71.07,1.89,True
Miller,Male,Australia,Oceania,95.14,1.92,True
Morrison,Male,Germany,Europe,73.06,1.92,True
Mccormick,Male,Australia,Oceania,68.81,1.7,True
Livingston,Female,Brazil,South America,71.56,1.74,False
Mcgee,Male,Australia,Oceania,50.81,1.62,True
Nicholson,Male,France,Europe,96.13,1.76,True
Wade,Female,France,Europe,90.83,1.93,True
Miller,Female,Singapore,Asia,98.73,1.66,True
Ortiz,Female,Mexico,North America,96.89,1.99,False
Ruiz,Female,Japan,Asia,93.09,1.81,True
Rodriguez,Male,China,Asia,67.5,1.61,False
Tanner,Female,Germany,Europe,57.66,1.85,True
Clark,Male,Peru,South America,99.73,2.0,False
Doyle,Male,China,Asia,94.49,1.82,False
Keith,Male,Thailand,Asia,70.99,1.67,False
Perez,Male,Germany,Europe,56.08,1.51,True
Scott,Female,United States,North America,55.91,1.56,True
Brooks,Female,Canada,North America,94.86,1.84,True
Yu,Male,Japan,Asia,78.92,1.58,True
Guerrero,Female,Australia,Oceania,84.47,1.84,True
Knight,Male,Brazil,South America,71.72,1.73,False
Brown,Male,Canada,North America,72.78,1.82,True
Griffith,Female,Qatar,Asia,82.43,1.72,True
Clark,Female,Japan,Asia,91.81,1.8,True
Rowe,Female,Germany,Europe,81.11,1.71,True
Patel,Male,United Kingdom,Europe,69.23,1.65,True
Lucas,Male,Brazil,South America,71.74,1.51,False
Grimes,Female,Thailand,Asia,52.36,1.86,False
Johnson,Female,Brazil,South America,70.15,1.61,False
Mitchell,Male,United States,North America,61.04,1.62,True
Dixon,Male,Mexico,North America,68.36,1.78,False
Underwood,Male,Singapore,Asia,92.22,1.87,True
Davis,Male,Australia,Oceania,66.88,1.6,True
Gutierrez,Female,Japan,Asia,96.91,1.59,True
White,Female,Australia,Oceania,62.12,1.63,True
Jones,Female,Brazil,South America,68.22,1.83,False
Vasquez,Male,Mexico,North America,53.76,1.58,False
Lopez,Female,China,Asia,57.73,1.91,False
Gilbert,Female,Mexico,North America,85.95,1.67,False
James,Male,Brazil,South America,63.75,1.73,False
Skinner,Male,Germany,Europe,99.22,1.59,True
Parker,Male,United Kingdom,Europe,99.98,1.71,True
Johnson,Female,United States,North America,87.72,1.86,True
Castillo,Male,China,Asia,79.8,1.52,False
Boone,Female,Japan,Asia,74.36,1.63,True
Atkins,Female,Germany,Europe,50.72,1.65,True
Johnson,Male,Australia,Oceania,63.75,1.95,True
Flores,Male,Germany,Europe,76.53,1.88,True
Quinn,Male,Australia,Oceania,58.13,1.77,True
Jones,Female,Thailand,Asia,56.56,1.66,False
Shepard,Female,Japan,Asia,95.01,1.5,True
Owens,Female,Peru,South America,84.15,1.89,False
Ho,Male,Peru,South America,56.41,1.76,False
Murphy,Female,Japan,Asia,58.82,1.79,True
Cunningham,Male,Peru,South America,76.16,1.55,False
Johnson,Female,United States,North America,71.67,1.63,True
Estes,Male,Thailand,Asia,87.5,1.85,False
Hardy,Male,South Africa,Africa,93.28,1.64,False
Torres,Female,Germany,Europe,74.12,1.52,True
Allen,Female,Peru,South America,68.8,1.61,False
West,Male,Germany,Europe,73.68,1.8,True
Santiago,Female,Italy,Europe,91.49,1.5,True
Chambers,Male,South Africa,Africa,78.6,1.97,False
Hobbs,Male,Germany,Europe,63.49,1.94,True
Fletcher,Female,Brazil,South America,63.65,1.92,False
Wood,Female,Mexico,North America,59.32,1.97,False
Haley,Male,Japan,Asia,65.94,1.8,True
Jones,Female,South Africa,Africa,50.33,1.98,False
Kim,Male,Qatar,Asia,68.67,1.68,True
Thomas,Male,Australia,Oceania,89.7,1.57,True
French,Male,Singapore,Asia,71.83,1.82,True
Kim,Female,France,Europe,89.44,1.98,True
Mercado,Female,United States,North America,76.82,1.75,True
Curtis,Female,Brazil,South America,57.24,1.5,False
Kline,Male,France,Europe,57.53,1.61,True
Thomas,Female,China,Asia,69.36,1.6,False
Higgins,Male,Australia,Oceania,53.27,1.67,True
Green,Female,South Africa,Africa,99.43,1.84,False
Lee,Female,Singapore,Asia,87.26,1.91,True
Anderson,Male,Canada,North America,97.96,1.8,True
Robinson,Male,Canada,North America,53.43,1.87,True
Bullock,Male,Mexico,North America,52.89,1.69,False
Fischer,Female,Singapore,Asia,96.82,1.87,True
Martin,Female,Brazil,South America,51.88,1.57,False
Lloyd,Male,Australia,Oceania,90.24,1.55,True
Jones,Female,Qatar,Asia,71.18,1.5,True
Johnson,Male,Italy,Europe,51.89,1.96,True
Hernandez,Female,United States,North America,63.26,1.66,True
Ochoa,Female,United States,North America,75.85,1.93,True
Carter,Female,Mexico,North America,59.06,1.72,False
Stone,Female,United States,North America,92.92,1.8,True
Moreno,Male,South Africa,Africa,96.52,1.64,False
Phillips,Male,United States,North America,81.44,1.55,True
Sanchez,Male,Italy,Europe,60.06,1.83,True
Rodriguez,Female,Germany,Europe,76.01,1.52,True
Mayo,Female,Peru,South America,73.79,1.67,False
Davis,Male,China,Asia,88.56,1.58,False
Hill,Female,Germany,Europe,62.41,1.9,True
Lucero,Female,Mexico,North America,95.05,1.69,False
Johnson,Male,France,Europe,52.64,1.76,True
Ross,Female,Peru,South America,50.13,1.68,False
Turner,Female,Australia,Oceania,62.32,1.82,True
Butler,Male,Thailand,Asia,81.53,1.54,False
Acosta,Female,Thailand,Asia,99.65,1.92,False
Dawson,Female,France,Europe,87.89,1.64,True
Friedman,Male,France,Europe,60.86,1.55,True
Boyer,Female,Singapore,Asia,84.69,1.79,True
Davenport,Female,Australia,Oceania,66.24,1.57,True
Warren,Female,Russia,Europe,51.31,1.73,False
Smith,Female,Peru,South America,52.17,1.78,False
Riley,Female,Germany,Europe,66.58,1.94,True
Love,Male,Italy,Europe,75.08,1.99,True
Washington,Female,Russia,Europe,67.86,1.73,False
Franklin,Female,Canada,North America,63.3,1.72,True
Green,Male,South Africa,Africa,69.14,1.7,False
Fritz,Female,China,Asia,80.35,1.7,False
Brown,Female,Brazil,South America,83.51,1.53,False
Liu,Female,Qatar,Asia,60.74,1.66,True
Anderson,Male,Japan,Asia,55.12,1.96,True
Adams,Male,Mexico,North America,59.44,1.56,False
Crosby,Female,Mexico,North America,60.97,1.69,False
Flores,Female,Peru,South America,52.18,1.89,False
Reid,Female,South Africa,Africa,96.61,1.55,False
Silva,Male,China,Asia,96.26,1.98,False
Hall,Female,France,Europe,96.18,1.94,True
Davis,Female,Canada,North America,59.71,1.87,True
Middleton,Female,Japan,Asia,62.47,1.53,True
Grant,Male,Peru,South America,55.58,1.77,False
Estrada,Male,Australia,Oceania,72.93,1.7,True
Novak,Male,Australia,Oceania,56.86,1.6,True
Pena,Male,South Africa,Africa,84.73,1.58,False
Jacobson,Male,Japan,Asia,94.19,1.74,True
Todd,Male,Canada,North America,59.75,1.85,True
Farmer,Male,Thailand,Asia,65.2,1.67,False
Mcintyre,Female,China,Asia,73.53,1.87,False
Barnes,Female,Germany,Europe,56.64,1.82,True
King,Male,Thailand,Asia,91.91,1.7,False
Hunter,Female,Qatar,Asia,68.71,1.83,True
Jefferson,Female,France,Europe,91.61,1.56,True
Hoffman,Male,Italy,Europe,82.55,1.98,True
Young,Male,Peru,South America,94.24,1.59,False
Poole,Male,France,Europe,87.03,1.87,True
Daniel,Male,Japan,Asia,90.99,1.95,True
Watson,Female,Thailand,Asia,72.23,2.0,False
Thompson,Male,Canada,North America,80.09,1.81,True
Berger,Female,Japan,Asia,97.96,1.79,True
Reilly,Male,Italy,Europe,99.01,1.9,True
Mccoy,Female,Australia,Oceania,80.38,1.75,True
Lane,Male,Japan,Asia,58.17,1.56,True
Larsen,Male,Italy,Europe,63.44,2.0,True
Evans,Female,France,Europe,77.86,1.93,True
Wright,Male,United Kingdom,Europe,64.17,1.84,True
Kerr,Male,South Africa,Africa,56.23,1.67,False
Burch,Male,Thailand,Asia,85.11,1.96,False
Wright,Female,Mexico,North America,80.09,1.85,False
West,Male,Canada,North America,81.13,1.93,True
Soto,Male,Italy,Europe,91.51,1.97,True
Wright,Female,Mexico,North America,88.67,1.91,False
Owen,Female,Canada,North America,67.08,1.86,True
Casey,Female,Peru,South America,89.41,1.96,False
Olson,Male,Thailand,Asia,51.98,1.76,False
Hamilton,Male,United States,North America,99.33,1.68,True
Roberson,Male,Russia,Europe,53.08,1.78,False
Mcdaniel,Female,Thailand,Asia,63.66,1.81,False
Spencer,Female,United Kingdom,Europe,94.98,1.78,True
Bishop,Male,Singapore,Asia,98.62,1.99,True
Mendez,Female,United Kingdom,Europe,92.04,1.71,True
Dixon,Male,Australia,Oceania,81.35,1.92,True
Randall,Male,Thailand,Asia,97.44,1.87,False
Greene,Female,China,Asia,91.84,1.7,False
Allen,Female,Italy,Europe,56.22,2.0,True
Alexander,Male,United Kingdom,Europe,75.99,1.84,True
Mitchell,Female,United States,North America,89.07,1.71,True
Lee,Male,Australia,Oceania,88.0,1.77,True
Espinoza,Female,Thailand,Asia,87.7,1.51,False
Johnson,Female,Australia,Oceania,99.23,1.92,True
Williams,Female,United States,North America,78.1,1.65,True
Thomas,Female,Thailand,Asia,60.23,1.82,False
Gonzalez,Female,United States,North America,72.2,1.77,True
Mitchell,Female,Thailand,Asia,56.52,1.82,False
Weaver,Male,Italy,Europe,55.03,1.79,True
Miller,Male,France,Europe,56.66,1.73,True
Murphy,Female,Canada,North America,86.45,1.91,True
Carter,Female,Qatar,Asia,81.32,1.91,True
Myers,Female,Italy,Europe,89.62,1.63,True
Luna,Male,Italy,Europe,50.46,1.71,True
Cunningham,Female,United Kingdom,Europe,67.34,1.94,True
Harrison,Male,Germany,Europe,91.84,1.75,True
Patel,Male,France,Europe,84.42,1.74,True
Lane,Female,Thailand,Asia,61.94,1.93,False
Manning,Female,Japan,Asia,55.29,1.56,True
Oneill,Male,China,Asia,82.91,2.0,False
Caldwell,Female,Italy,Europe,52.84,1.95,True
Allen,Female,Canada,North America,60.77,1.93,True
Mayer,Male,Russia,Europe,76.97,1.8,False
Ortiz,Male,Canada,North America,72.69,1.89,True
Sampson,Male,United Kingdom,Europe,92.16,1.89,True
Christensen,Male,Qatar,Asia,79.16,1.66,True
Rodriguez,Female,Singapore,Asia,64.18,1.6,True
Walker,Female,Qatar,Asia,62.14,1.67,True
Berry,Female,South Africa,Africa,59.8,1.6,False
Walker,Male,Australia,Oceania,86.09,1.6,True
Flores,Male,United Kingdom,Europe,76.85,1.81,True
Meyer,Male,Mexico,North America,66.75,1.77,False
Blair,Female,Mexico,North America,52.87,1.94,False
Reyes,Female,France,Europe,51.86,1.99,True
Mcguire,Male,Brazil,South America,84.17,1.55,False
Rodriguez,Male,South Africa,Africa,77.65,1.98,False
Krueger,Male,Qatar,Asia,59.93,1.64,True
Cordova,Female,Brazil,South America,84.19,1.66,False
Oliver,Female,Mexico,North America,50.95,1.91,False
Clark,Male,Australia,Oceania,80.42,1.55,True
Gregory,Female,Qatar,Asia,93.29,1.87,True
Carney,Female,United States,North America,53.92,1.72,True
Burton,Female,Germany,Europe,65.86,1.71,True
Franco,Male,Canada,North America,54.95,1.99,True
Kelly,Female,Germany,Europe,79.98,1.83,True
Daniel,Female,Russia,Europe,53.15,1.93,False
Costa,Female,Japan,Asia,78.9,1.71,True
Le,Female,Russia,Europe,54.19,1.55,False
Hill,Female,Peru,South America,92.2,1.98,False
Martin,Female,Thailand,Asia,57.55,1.89,False
Gilmore,Male,Qatar,Asia,57.83,1.89,True
Allen,Male,United States,North America,94.19,1.67,True
Poole,Female,United States,North America,78.48,1.89,True
Friedman,Female,Italy,Europe,62.18,1.84,True
Brown,Male,Peru,South America,52.36,1.91,False
Sullivan,Male,Peru,South America,72.38,1.94,False
Griffin,Male,France,Europe,77.7,1.52,True
Shaw,Female,Germany,Europe,51.43,1.54,True
Ray,Male,Mexico,North America,50.34,1.91,False
Bradshaw,Female,China,Asia,64.96,1.99,False
Olson,Female,Canada,North America,91.45,1.94,True
Watkins,Female,France,Europe,61.35,1.77,True
Wiley,Female,China,Asia,70.96,1.53,False
Jones,Female,Germany,Europe,81.75,1.67,True
Johnson,Female,Russia,Europe,68.64,1.73,False
Bishop,Male,Brazil,South America,98.91,1.57,False
Peters,Female,South Africa,Africa,75.96,1.63,False
James,Male,Singapore,Asia,85.65,2.0,True
Johnson,Female,Australia,Oceania,98.92,1.92,True
Miller,Male,Thailand,Asia,94.64,1.72,False
Copeland,Male,United States,North America,62.69,1.66,True
Rodriguez,Female,Peru,South America,72.77,1.94,False
Levine,Female,Japan,Asia,66.08,1.55,True
Jensen,Male,United Kingdom,Europe,91.74,1.97,True
Smith,Male,Canada,North America,68.78,1.51,True
Santiago,Male,Germany,Europe,73.9,1.82,True
Mccann,Male,Canada,North America,73.87,1.65,True
Novak,Female,Germany,Europe,82.37,1.88,True
Austin,Male,Mexico,North America,90.25,1.92,False
Jones,Male,United States,North America,71.2,1.52,True
Cox,Male,Mexico,North America,86.74,1.51,False
Sullivan,Female,Germany,Europe,88.72,1.51,True
Ritter,Female,Brazil,South America,97.04,1.54,False
Christian,Female,China,Asia,86.82,1.98,False
Cruz,Female,Japan,Asia,91.57,2.0,True
Haynes,Male,Russia,Europe,99.1,1.98,False
Sanchez,Female,Peru,South America,72.37,1.97,False
Hernandez,Male,Japan,Asia,54.92,1.53,True
Buchanan,Female,Australia,Oceania,83.57,1.52,True
Cunningham,Female,Russia,Europe,65.48,1.67,False
Poole,Female,Germany,Europe,78.32,1.88,True
Rodriguez,Male,Australia,Oceania,81.35,1.5,True
Foster,Male,Japan,Asia,50.57,1.86,True
Cook,Male,Canada,North America,69.85,1.59,True
Jones,Male,South Africa,Africa,54.32,1.84,False
Mcneil,Male,China,Asia,83.17,1.69,False
Blair,Male,France,Europe,81.36,1.81,True
Frazier,Female,Singapore,Asia,56.89,1.77,True
Wells,Male,Canada,North America,60.14,1.62,True
Stephens,Female,Qatar,Asia,82.79,1.64,True
Gomez,Male,Germany,Europe,98.76,1.99,True
Grant,Female,Canada,North America,98.81,1.81,True
Wyatt,Female,China,Asia,54.29,1.67,False
Hudson,Male,United Kingdom,Europe,66.35,1.55,True
Wade,Male,Japan,Asia,71.86,1.73,True
Ray,Male,South Africa,Africa,84.55,1.92,False
Phillips,Male,Thailand,Asia,70.33,1.69,False
Abbott,Male,Thailand,Asia,55.3,1.99,False
Medina,Female,United States,North America,74.35,1.86,True
Garcia,Male,Japan,Asia,51.78,1.66,True
Rojas,Male,Italy,Europe,66.96,1.83,True
Mitchell,Male,France,Europe,72.75,1.89,True
Yu,Male,Germany,Europe,98.23,1.83,True
Baker,Female,South Africa,Africa,56.97,1.6,False
Raymond,Male,Singapore,Asia,68.16,1.7,True
Gill,Male,United Kingdom,Europe,53.03,1.92,True
Hill,Female,France,Europe,71.37,1.78,True
Campbell,Male,Qatar,Asia,70.51,1.61,True
Holt,Female,Brazil,South America,95.66,1.76,False
Fry,Female,Russia,Europe,60.9,1.52,False
Livingston,Male,Thailand,Asia,61.86,1.99,False
Kennedy,Male,United Kingdom,Europe,77.23,1.58,True
White,Male,Peru,South America,58.87,1.7,False
Wilson,Female,Thailand,Asia,58.19,1.99,False
Newman,Male,Italy,Europe,76.51,1.94,True
Wells,Female,Russia,Europe,69.32,1.86,False
Ballard,Male,Singapore,Asia,81.41,1.7,True
Davis,Female,Peru,South America,86.89,1.66,False
Hall,Male,Russia,Europe,91.04,1.89,False
Williams,Male,Japan,Asia,93.34,1.63,True
Cruz,Male,Italy,Europe,96.19,1.91,True
Gutierrez,Female,South Africa,Africa,94.2,1.67,False
Espinoza,Male,Brazil,South America,79.27,1.74,False
Hansen,Female,Australia,Oceania,63.94,1.86,True
Ortega,Female,United Kingdom,Europe,93.03,1.5,True
Watson,Male,Qatar,Asia,79.76,1.6,True
Huff,Male,Mexico,North America,53.86,1.56,False
Jones,Female,Singapore,Asia,99.69,1.83,True
Jacobs,Female,Brazil,South America,91.15,1.97,False
Ramirez,Male,Germany,Europe,66.17,1.82,True
Ayala,Female,Russia,Europe,62.34,1.57,False
Mitchell,Female,Thailand,Asia,54.31,1.71,False
Zimmerman,Male,Canada,North America,58.76,1.51,True
Marsh,Male,Italy,Europe,99.08,1.65,True
Smith,Male,South Africa,Africa,52.95,1.53,False
Levine,Male,Brazil,South America,88.53,1.52,False
Walker,Female,Canada,North America,59.27,1.83,True
Carpenter,Male,Australia,Oceania,82.51,1.58,True
Farmer,Male,Germany,Europe,76.18,1.91,True
Boyle,Female,Japan,Asia,57.85,1.78,True
Orr,Female,Germany,Europe,63.44,1.91,True
Burch,Male,Qatar,Asia,79.02,1.97,True
Nunez,Female,Brazil,South America,74.5,1.5,False
Johnson,Male,France,Europe,58.24,1.64,True
Dean,Female,United States,North America,90.33,1.94,True
Pena,Female,Italy,Europe,63.32,1.58,True
Turner,Female,United Kingdom,Europe,66.99,1.92,True
Macias,Male,Peru,South America,82.55,1.74,False
White,Female,United Kingdom,Europe,61.68,1.77,True
Henderson,Female,Qatar,Asia,50.67,1.87,True
Hayes,Female,Japan,Asia,82.7,1.56,True
Khan,Male,South Africa,Africa,82.37,1.98,False
Riggs,Male,Italy,Europe,99.76,1.9,True
Lawson,Male,Qatar,Asia,62.17,1.97,True
Collins,Male,Thailand,Asia,94.74,1.87,False
Eaton,Female,Japan,Asia,96.69,1.9,True
Harvey,Male,Russia,Europe,70.24,1.59,False
Mathis,Male,Singapore,Asia,68.38,1.65,True
Hayes,Female,Brazil,South America,51.07,1.99,False
Patel,Female,South Africa,Africa,89.4,1.85,False
Smith,Male,Japan,Asia,77.3,1.98,True
Tate,Male,China,Asia,76.41,1.7,False
Parker,Male,Qatar,Asia,57.4,1.82,True
Tran,Female,Australia,Oceania,77.58,1.75,True
Williams,Female,Russia,Europe,84.67,1.54,False
Bray,Female,Canada,North America,85.33,1.77,True
Davila,Female,Russia,Europe,94.92,1.73,False
Smith,Male,Thailand,Asia,78.24,1.64,False
Greene,Male,Peru,South America,51.98,1.67,False
Barber,Female,Italy,Europe,62.59,1.67,True
Smith,Female,France,Europe,77.61,1.83,True
Ritter,Male,Germany,Europe,53.17,1.62,True
Oneill,Male,Qatar,Asia,83.65,1.8,True
Wong,Male,Peru,South America,71.22,1.58,False
Davis,Female,Germany,Europe,83.34,1.56,True
Scott,Male,United Kingdom,Europe,56.17,1.77,True
Williams,Female,France,Europe,61.2,1.72,True
Gonzales,Male,United States,North America,62.69,1.72,True
Anderson,Male,Russia,Europe,62.79,1.77,False
Gregory,Male,Russia,Europe,90.32,1.88,False
Newman,Male,South Africa,Africa,67.83,1.89,False
Smith,Female,Italy,Europe,98.79,1.55,True
Shepherd,Female,Russia,Europe,62.87,1.64,False
Howard,Male,South Africa,Africa,84.64,1.63,False
Rogers,Female,Italy,Europe,82.0,1.87,True
Hernandez,Male,Singapore,Asia,91.43,1.95,True
Mullins,Male,United Kingdom,Europe,68.9,1.55,True
Singh,Female,United States,North America,53.16,1.8,True
Williamson,Female,Germany,Europe,69.63,1.69,True
Lee,Female,Japan,Asia,71.68,1.71,True
Davis,Female,Australia,Oceania,55.64,1.55,True
Matthews,Female,Germany,Europe,66.1,1.56,True
Watson,Male,Australia,Oceania,81.08,1.79,True
Martinez,Female,Singapore,Asia,80.48,1.54,True
Navarro,Female,Brazil,South America,95.15,1.73,False
Cook,Female,Italy,Europe,93.11,1.93,True
Newton,Female,Germany,Europe,52.5,1.68,True
Peterson,Male,South Africa,Africa,70.47,1.65,False
Smith,Male,Qatar,Asia,77.29,1.54,True
Russell,Male,Qatar,Asia,54.31,1.74,True
Tanner,Female,Qatar,Asia,80.45,1.67,True
Gibbs,Female,China,Asia,76.46,1.76,False
Jimenez,Male,Italy,Europe,88.16,1.66,True
Robinson,Female,Canada,North America,87.64,1.99,True
Terry,Male,China,Asia,53.78,1.65,False
Smith,Male,Peru,South America,77.36,1.81,False
Giles,Male,Peru,South America,91.53,1.72,False
Gutierrez,Male,Canada,North America,75.66,1.71,True
Johnson,Male,Singapore,Asia,88.33,1.55,True
Wells,Female,Mexico,North America,90.68,1.92,False
Brown,Male,Germany,Europe,73.23,1.91,True
Brooks,Male,Germany,Europe,70.78,1.76,True
Boyer,Female,Peru,South America,88.37,1.53,False
Lynn,Female,Canada,North America,60.18,1.81,True
Hunter,Female,South Africa,Africa,50.6,1.96,False
Huang,Female,China,Asia,59.39,1.77,False
Mclaughlin,Female,South Africa,Africa,71.93,1.94,False
Jackson,Female,United States,North America,63.81,1.66,True
Higgins,Female,Germany,Europe,97.77,1.62,True
Mann,Male,Canada,North America,57.83,1.74,True
Liu,Female,Russia,Europe,84.24,1.99,False
Bennett,Female,Peru,South America,99.41,1.81,False
Arnold,Male,United States,North America,66.17,1.57,True
Martinez,Female,Singapore,Asia,84.86,1.57,True
Holloway,Male,South Africa,Africa,90.79,1.67,False
Dennis,Male,Japan,Asia,97.71,1.5,True
Ellis,Female,Russia,Europe,81.37,1.96,False
Mclean,Female,Japan,Asia,68.27,1.6,True
Bell,Female,Qatar,Asia,82.16,1.69,True
Rush,Female,Australia,Oceania,59.13,1.84,True
Schmidt,Female,South Africa,Africa,98.04,1.79,False
Macias,Male,France,Europe,54.12,1.98,True
Rodriguez,Female,Thailand,Asia,97.59,1.63,False
Bailey,Male,Japan,Asia,96.06,1.54,True
Roberts,Female,Brazil,South America,63.78,1.67,False
Clay,Male,Japan,Asia,88.66,1.85,True
Blackwell,Male,Qatar,Asia,75.7,1.68,True
Long,Male,Japan,Asia,59.14,1.88,True
Meadows,Female,France,Europe,86.04,1.99,True
Baldwin,Female,Russia,Europe,96.18,1.87,False
Hahn,Male,Germany,Europe,78.12,1.75,True
Pugh,Male,South Africa,Africa,80.62,1.95,False
Ortiz,Female,Japan,Asia,88.49,1.68,True
Haas,Female,Italy,Europe,78.28,1.55,True
Parker,Female,Qatar,Asia,93.77,2.0,True
Woods,Female,Brazil,South America,58.62,1.89,False
Jackson,Male,Russia,Europe,65.07,1.67,False
Mcdowell,Female,Australia,Oceania,78.06,1.9,True
Holmes,Male,Russia,Europe,59.93,1.59,False
Sparks,Male,United States,North America,94.54,1.53,True
Martinez,Female,United Kingdom,Europe,69.46,1.94,True
Burns,Female,Brazil,South America,57.97,1.93,False
Becker,Female,Russia,Europe,91.84,1.92,False
Davis,Female,Italy,Europe,93.97,1.59,True
Bailey,Male,Germany,Europe,79.42,1.59,True
Harris,Male,Russia,Europe,61.97,1.92,False
Williams,Male,Japan,Asia,67.38,1.74,True
Gilbert,Male,Qatar,Asia,83.48,1.52,True
Nichols,Male,Brazil,South America,52.42,1.8,False
Thomas,Male,France,Europe,62.56,1.79,True
Smith,Male,Germany,Europe,72.18,1.93,True
Floyd,Female,Russia,Europe,66.16,1.6,False
Sanchez,Male,Singapore,Asia,98.33,1.74,True
Wilson,Male,Italy,Europe,67.24,1.81,True
Bauer,Male,Mexico,North America,93.48,1.85,False
Mata,Female,Singapore,Asia,96.56,1.57,True
Patterson,Female,United States,North America,73.74,1.5,True
Valdez,Male,Italy,Europe,56.31,1.93,True
Adkins,Female,Thailand,Asia,56.14,1.77,False
Morgan,Male,Thailand,Asia,76.5,1.73,False
Garcia,Female,Canada,North America,81.13,1.56,True
Sanchez,Male,Australia,Oceania,81.21,1.74,True
Carter,Male,Japan,Asia,55.75,1.79,True
Hampton,Female,Mexico,North America,75.03,1.89,False
Moon,Female,Germany,Europe,64.76,1.61,True
Berry,Female,Brazil,South America,72.14,1.59,False
Smith,Male,Peru,South America,59.73,1.68,False
Watson,Male,United Kingdom,Europe,89.76,1.93,True
Robertson,Male,Italy,Europe,56.15,1.58,True
Lewis,Male,Japan,Asia,90.43,1.71,True
Heath,Male,Mexico,North America,67.77,1.85,False
Knight,Female,Germany,Europe,70.39,1.59,True
Roach,Female,Mexico,North America,71.32,1.55,False
Evans,Male,Russia,Europe,53.56,1.5,False
Kane,Female,Germany,Europe,85.69,1.7,True
Watts,Female,France,Europe,88.12,1.89,True
Johnson,Female,Russia,Europe,86.92,1.8,False
Wise,Male,Qatar,Asia,93.24,2.0,True
West,Female,Qatar,Asia,97.04,1.92,True
Jimenez,Female,Brazil,South America,77.81,1.78,False
Morales,Female,Qatar,Asia,93.3,1.57,True
Marshall,Female,United Kingdom,Europe,68.47,1.65,True
Cummings,Female,Mexico,North America,72.2,1.64,False
Navarro,Male,Thailand,Asia,58.52,1.96,False
Green,Female,Germany,Europe,77.42,1.78,True
Long,Female,France,Europe,72.07,1.66,True
Powell,Female,United States,North America,72.01,1.5,True
James,Male,Russia,Europe,52.07,1.58,False
Snyder,Female,Italy,Europe,59.42,1.74,True
Morgan,Male,South Africa,Africa,82.14,1.81,False
West,Female,Brazil,South America,82.5,2.0,False
Galvan,Male,Italy,Europe,56.75,1.59,True
Reese,Male,Brazil,South America,68.21,1.71,False
David,Female,Thailand,Asia,58.12,1.63,False
Campos,Female,China,Asia,85.37,1.58,False
Moody,Male,United States,North America,55.74,1.91,True
Floyd,Male,South Africa,Africa,60.38,1.62,False
Mccarthy,Female,Canada,North America,55.87,1.78,True
Morse,Female,Italy,Europe,55.48,1.55,True
Schneider,Male,Australia,Oceania,98.8,1.52,True
Peters,Female,Japan,Asia,79.57,1.88,True
Carr,Male,Japan,Asia,83.51,1.69,True
Hall,Female,Qatar,Asia,83.71,1.78,True
Long,Female,Singapore,Asia,86.14,1.88,True
Perez,Male,Singapore,Asia,92.22,1.96,True
Ward,Male,South Africa,Africa,68.79,1.71,False
Hernandez,Male,Canada,North America,81.25,1.62,True
Brown,Female,Canada,North America,64.9,1.66,True
Hill,Male,Japan,Asia,90.5,1.71,True
Casey,Female,United Kingdom,Europe,78.24,1.7,True
King,Female,Thailand,Asia,70.13,1.68,False
Torres,Male,Australia,Oceania,92.69,1.51,True
Freeman,Male,Germany,Europe,85.79,1.99,True
Nelson,Male,United States,North America,86.62,1.92,True
Johnson,Male,Japan,Asia,69.94,1.87,True
Ortiz,Male,Peru,South America,59.93,1.67,False
Alexander,Female,Germany,Europe,78.4,1.85,True
Mcgrath,Female,United States,North America,92.94,1.62,True
Gilbert,Female,Russia,Europe,62.69,1.65,False
Holt,Male,Russia,Europe,85.46,1.53,False
Gill,Male,Japan,Asia,60.59,1.51,True
Young,Female,Russia,Europe,56.81,1.9,False
Evans,Male,Italy,Europe,63.6,1.64,True
Lewis,Male,Brazil,South America,96.66,1.56,False
Beck,Female,Italy,Europe,80.03,1.57,True
Watts,Male,Thailand,Asia,77.23,1.95,False
Stewart,Female,Japan,Asia,89.88,1.96,True
Peters,Male,South Africa,Africa,77.56,1.7,False
Gregory,Male,Italy,Europe,51.37,1.82,True
Hayes,Female,Germany,Europe,92.42,1.55,True
Sanchez,Male,Russia,Europe,63.48,1.62,False
Nelson,Female,Japan,Asia,74.55,1.5,True
Acosta,Male,Japan,Asia,86.51,1.94,True
Berry,Male,Singapore,Asia,87.01,1.61,True
Foster,Male,Japan,Asia,86.47,1.66,True
Garcia,Female,Brazil,South America,59.77,1.78,False
Obrien,Female,Germany,Europe,75.63,1.92,True
Robinson,Male,Russia,Europe,74.77,1.68,False
Mahoney,Female,Italy,Europe,84.01,1.92,True
Martinez,Male,Thailand,Asia,59.72,1.8,False
Fitzgerald,Female,Canada,North America,57.48,1.69,True
Collins,Male,Mexico,North America,91.99,1.8,False
Hess,Male,Mexico,North America,83.64,1.6,False
Kelly,Female,Mexico,North America,90.62,1.87,False
Leblanc,Male,Mexico,North America,90.48,1.77,False
Anderson,Male,China,Asia,70.57,1.91,False
Wilkinson,Female,South Africa,Africa,81.83,1.61,False
Harris,Male,United States,North America,99.83,1.81,True
Perkins,Female,South Africa,Africa,69.25,1.84,False
Guerrero,Female,United States,North America,53.71,1.57,True
Austin,Male,Qatar,Asia,68.69,1.5,True
Finley,Female,Italy,Europe,72.38,1.75,True
Wagner,Male,France,Europe,88.47,1.87,True
Shelton,Female,France,Europe,67.19,2.0,True
Glover,Female,Singapore,Asia,61.03,1.62,True
Decker,Male,Canada,North America,79.09,1.98,True
Hernandez,Female,Germany,Europe,98.75,1.62,True
Jones,Male,Peru,South America,89.52,1.71,False
Nash,Female,France,Europe,64.89,1.6,True
Williams,Male,Qatar,Asia,66.52,1.78,True
Davis,Female,Thailand,Asia,91.44,1.7,False
Conley,Female,Germany,Europe,86.05,1.69,True
Gonzales,Male,United States,North America,90.39,1.62,True
Walton,Female,Russia,Europe,79.97,1.85,False
Wells,Female,Brazil,South America,67.14,1.87,False
Hickman,Male,Italy,Europe,86.94,1.68,True
Lamb,Male,United Kingdom,Europe,98.69,1.53,True
Smith,Male,France,Europe,52.05,1.96,True
Black,Male,Qatar,Asia,73.05,1.52,True
Sanchez,Male,Mexico,North America,55.25,1.83,False
Frost,Female,Qatar,Asia,97.9,1.9,True
Collins,Male,Mexico,North America,81.78,2.0,False
James,Male,Italy,Europe,74.4,1.85,True
Murphy,Male,South Africa,Africa,52.04,1.74,False
Rodriguez,Female,United States,North America,63.06,1.72,True
Hernandez,Female,Mexico,North America,83.31,1.85,False
Clarke,Female,Mexico,North America,91.69,1.96,False
Gutierrez,Male,South Africa,Africa,61.26,1.55,False
Lewis,Female,Qatar,Asia,76.9,1.83,True
Trujillo,Female,France,Europe,65.59,1.99,True
Torres,Female,Thailand,Asia,72.01,1.55,False
Hines,Female,Singapore,Asia,82.69,1.8,True
Bolton,Female,Mexico,North America,59.15,1.98,False
Dodson,Female,Singapore,Asia,52.15,1.68,True
Hernandez,Male,United States,North America,72.5,1.61,True
Rogers,Male,Brazil,South America,54.41,1.68,False
Rasmussen,Female,Brazil,South America,92.53,1.86,False
Nielsen,Female,United States,North America,73.62,1.76,True
Sawyer,Male,Italy,Europe,76.55,1.69,True
Torres,Female,China,Asia,90.99,1.66,False
Joseph,Female,Brazil,South America,98.95,1.82,False
Lloyd,Male,Thailand,Asia,66.96,1.81,False
Gibson,Female,Germany,Europe,55.56,1.62,True
Lopez,Female,Australia,Oceania,62.55,1.94,True
Hill,Male,United States,North America,83.8,1.53,True
Vaughn,Female,Thailand,Asia,92.97,1.81,False
Brown,Female,Mexico,North America,58.15,2.0,False
Miller,Male,Mexico,North America,57.03,1.74,False
Petty,Male,Mexico,North America,96.9,1.98,False
Lee,Female,United States,North America,52.34,1.55,True
Davenport,Female,China,Asia,97.52,1.68,False
Walker,Male,South Africa,Africa,96.24,1.56,False
Wilkins,Female,China,Asia,85.31,1.79,False
Allen,Female,Italy,Europe,79.35,1.7,True
Potter,Male,Thailand,Asia,60.68,1.89,False
Lyons,Female,United States,North America,59.96,1.71,True
Brown,Female,Thailand,Asia,59.88,1.67,False
Jackson,Female,Russia,Europe,77.59,1.54,False
White,Female,South Africa,Africa,68.74,1.57,False
Cohen,Male,Thailand,Asia,55.57,1.62,False
Burns,Male,Japan,Asia,85.24,1.53,True
Clark,Female,Canada,North America,71.63,1.73,True
Ingram,Male,Canada,North America,74.82,1.98,True
Howard,Male,Japan,Asia,73.82,1.99,True
Hammond,Female,Thailand,Asia,52.4,1.84,False
Atkinson,Male,France,Europe,50.7,1.52,True
Curtis,Female,China,Asia,74.94,1.53,False
Snow,Female,France,Europe,97.63,1.78,True
Carlson,Male,Japan,Asia,59.28,1.59,True
Strickland,Female,Qatar,Asia,98.56,1.95,True
Little,Female,United Kingdom,Europe,96.14,1.6,True
Sanchez,Female,Russia,Europe,66.39,1.89,False
Wright,Male,Italy,Europe,64.95,1.5,True
Porter,Female,Australia,Oceania,81.25,1.69,True
Roberts,Female,Mexico,North America,84.14,1.75,False
Burns,Male,Germany,Europe,51.59,1.63,True
Smith,Female,France,Europe,92.9,1.77,True
Salinas,Male,Mexico,North America,60.4,1.71,False
King,Female,Germany,Europe,91.99,1.65,True
Howard,Male,France,Europe,61.85,1.85,True
Schroeder,Male,United States,North America,64.58,1.59,True
Hammond,Male,Germany,Europe,87.12,1.9,True
Church,Female,South Africa,Africa,68.0,1.56,False
Shields,Male,China,Asia,55.89,1.7,False
Aguilar,Male,Russia,Europe,89.47,1.57,False
Jordan,Male,Russia,Europe,95.95,1.56,False
Mitchell,Male,Russia,Europe,62.13,1.66,False
Tyler,Female,South Africa,Africa,58.71,1.98,False
Mendoza,Male,United States,North America,85.72,1.61,True
White,Male,Germany,Europe,71.48,1.92,True
Smith,Male,Brazil,South America,68.53,1.63,False
Robinson,Male,China,Asia,89.41,1.84,False
Miller,Male,Peru,South America,91.38,1.86,False
Jones,Female,South Africa,Africa,67.56,1.59,False
Boyer,Male,Italy,Europe,63.24,1.95,True
Hubbard,Male,Thailand,Asia,58.77,1.64,False
Mcclure,Female,Germany,Europe,63.0,1.65,True
Johnson,Male,Russia,Europe,69.51,1.77,False
Duncan,Male,Japan,Asia,75.16,1.85,True
Herrera,Female,China,Asia,71.91,1.87,False
Mitchell,Male,Singapore,Asia,71.71,1.64,True
Evans,Male,Mexico,North America,74.0,1.98,False
Huynh,Male,Peru,South America,58.53,1.51,False
Garcia,Female,United Kingdom,Europe,79.88,1.96,True
Romero,Female,Mexico,North America,68.13,1.85,False
Smith,Male,Singapore,Asia,71.04,1.96,True
Ortiz,Female,United States,North America,92.72,1.61,True
Wilson,Male,Canada,North America,92.99,1.58,True
Roberts,Male,Qatar,Asia,69.95,1.93,True
Andrews,Female,Peru,South America,86.7,1.95,False
Williams,Female,United States,North America,80.96,1.58,True
George,Female,France,Europe,70.82,2.0,True
Pollard,Male,United Kingdom,Europe,68.51,1.85,True
Smith,Male,Thailand,Asia,63.14,1.55,False
Jones,Female,Peru,South America,61.44,1.64,False
Brown,Male,Russia,Europe,95.01,1.77,False
Williams,Female,Qatar,Asia,66.57,1.81,True
Hood,Male,Germany,Europe,74.78,1.96,True
Clayton,Male,Germany,Europe,61.53,1.67,True
Collins,Male,China,Asia,75.71,1.54,False
Taylor,Female,Australia,Oceania,64.7,1.76,True
Long,Female,Australia,Oceania,97.51,1.57,True
Wilson,Male,Canada,North America,54.34,1.98,True
Kelly,Female,Australia,Oceania,88.21,1.71,True
Valdez,Male,Canada,North America,86.3,1.54,True
Watkins,Male,Singapore,Asia,55.73,1.75,True
Reed,Female,Qatar,Asia,75.17,1.61,True
Allen,Female,Russia,Europe,63.35,1.91,False
Young,Female,France,Europe,60.95,1.9,True
Hernandez,Female,United States,North America,62.59,1.54,True
Rich,Female,United Kingdom,Europe,69.19,1.78,True
Torres,Male,Brazil,South America,51.62,1.64,False
Smith,Male,Singapore,Asia,94.52,1.52,True
Evans,Male,Peru,South America,58.63,2.0,False
Salinas,Male,Italy,Europe,97.31,1.78,True
Harris,Male,Russia,Europe,69.07,1.95,False
Carson,Female,Italy,Europe,64.1,1.72,True
Haynes,Male,Australia,Oceania,89.34,1.9,True
Jones,Female,United States,North America,81.04,1.81,True
Daniels,Female,Qatar,Asia,82.37,1.57,True
Nelson,Male,Australia,Oceania,83.03,1.69,True
White,Female,France,Europe,79.24,1.7,True
Bautista,Male,China,Asia,62.97,1.71,False
Lee,Male,Germany,Europe,88.06,1.6,True
Brown,Male,Germany,Europe,53.27,1.58,True
Mayo,Female,Mexico,North America,91.68,1.61,False
Ramirez,Male,Canada,North America,80.73,1.78,True
Vargas,Male,United Kingdom,Europe,64.19,1.58,True
Franco,Female,Singapore,Asia,98.07,1.82,True
Rodriguez,Female,Germany,Europe,81.91,1.9,True
Lewis,Male,France,Europe,97.09,2.0,True
Morales,Female,Mexico,North America,78.81,1.8,False
Adkins,Male,Japan,Asia,87.35,1.94,True
Clay,Female,Thailand,Asia,63.36,1.96,False
Spears,Female,Peru,South America,74.26,1.53,False
Gonzales,Female,Thailand,Asia,99.32,1.75,False
Walton,Male,Qatar,Asia,66.61,1.66,True
Williams,Female,South Africa,Africa,87.97,1.86,False
Jones,Male,Italy,Europe,67.46,1.57,True
Hardin,Male,Australia,Oceania,56.95,1.92,True
Barrett,Male,Germany,Europe,70.02,1.61,True
Perry,Female,France,Europe,82.1,1.98,True
Patrick,Male,Thailand,Asia,87.17,1.95,False
Collins,Female,Australia,Oceania,78.26,1.66,True
Glover,Female,Canada,North America,54.39,1.57,True
Harris,Male,Brazil,South America,92.04,1.91,False
Hughes,Male,Russia,Europe,60.13,1.58,False
Nguyen,Male,Qatar,Asia,79.71,1.7,True
Ferguson,Female,Peru,South America,82.34,1.97,False
Mcgee,Male,Peru,South America,95.69,1.63,False
Schmidt,Female,Singapore,Asia,66.54,1.5,True
Stanley,Female,South Africa,Africa,68.39,1.76,False
Matthews,Male,France,Europe,58.53,1.8,True
Tapia,Female,Canada,North America,62.11,1.79,True
Mcpherson,Male,United States,North America,88.63,1.6,True
Thomas,Male,Peru,South America,84.23,1.65,False
Jordan,Male,South Africa,Africa,65.95,1.96,False
Harrison,Male,South Africa,Africa,52.2,1.84,False
Stevens,Female,Italy,Europe,54.08,1.9,True
Snyder,Female,Brazil,South America,84.52,1.65,False
Walker,Male,Thailand,Asia,96.6,1.52,False
Gross,Male,Thailand,Asia,83.36,1.61,False
Ramirez,Female,Peru,South America,94.79,1.56,False
Jones,Male,Australia,Oceania,58.18,1.51,True
Leonard,Male,Japan,Asia,78.99,1.62,True
Glass,Female,Japan,Asia,94.12,1.62,True
Mahoney,Female,Japan,Asia,86.45,1.78,True
Garcia,Male,China,Asia,73.08,1.55,False
White,Female,Qatar,Asia,87.54,1.95,True
Williams,Female,France,Europe,91.07,1.82,True
Harris,Female,Canada,North America,73.13,1.55,True
Watson,Male,Qatar,Asia,53.63,1.98,True
Smith,Male,China,Asia,93.49,1.94,False
Hart,Male,United Kingdom,Europe,83.17,1.93,True
Rush,Male,Qatar,Asia,96.7,1.56,True
Meyers,Male,Brazil,South America,94.95,1.63,False
Hanson,Male,Australia,Oceania,90.72,1.81,True
Prince,Female,Italy,Europe,98.28,1.55,True
Michael,Male,Australia,Oceania,65.37,1.67,True
Ruiz,Female,United States,North America,50.94,1.69,True
Tran,Male,United Kingdom,Europe,73.32,1.52,True
Chavez,Male,Mexico,North America,80.87,1.52,False
Johnson,Male,Japan,Asia,90.94,1.52,True
Johns,Female,Qatar,Asia,71.4,1.73,True
Ortiz,Female,Canada,North America,50.6,1.84,True
Martin,Female,Singapore,Asia,58.75,1.99,True
Robertson,Male,Singapore,Asia,86.14,1.87,True
Wilcox,Female,South Africa,Africa,54.81,1.66,False
Ryan,Female,Canada,North America,65.52,1.59,True
Smith,Female,Peru,South America,89.62,1.79,False
Foster,Male,Brazil,South America,93.27,1.94,False
Manning,Female,Thailand,Asia,68.3,1.74,False
Jackson,Male,Singapore,Asia,92.97,1.51,True
Taylor,Male,Canada,North America,55.59,1.71,True
Hamilton,Male,South Africa,Africa,65.7,1.87,False
Sanchez,Female,Russia,Europe,61.11,1.99,False
Robertson,Male,France,Europe,85.51,1.78,True
Ray,Female,China,Asia,86.37,1.99,False
Bell,Male,Peru,South America,86.16,1.72,False
Carter,Male,Peru,South America,77.61,1.52,False
Cardenas,Female,Peru,South America,84.09,1.75,False
Watson,Female,Brazil,South America,86.61,1.83,False
Ellis,Female,Brazil,South America,72.23,1.82,False
Bailey,Female,France,Europe,88.92,1.62,True
Sims,Male,Mexico,North America,56.3,1.84,False
Lee,Female,France,Europe,85.72,1.68,True
Gonzales,Female,China,Asia,55.44,1.84,False
Fletcher,Male,South Africa,Africa,94.34,1.56,False
Parrish,Female,Brazil,South America,59.46,1.96,False
Parks,Female,Russia,Europe,55.4,1.5,False
Martin,Female,Brazil,South America,77.79,1.9,False
Moran,Female,Singapore,Asia,81.17,1.77,True
Robinson,Female,Japan,Asia,85.07,1.72,True
Lane,Female,Singapore,Asia,82.18,1.59,True
Schaefer,Male,Japan,Asia,71.62,1.54,True
Mccullough,Female,South Africa,Africa,52.31,1.66,False
Ward,Female,Australia,Oceania,64.8,1.53,True
Sanchez,Female,Qatar,Asia,88.11,1.63,True
Quinn,Female,United States,North America,98.55,1.57,True
Williams,Male,Qatar,Asia,84.27,1.58,True
Barrett,Female,Japan,Asia,55.01,1.92,True
Mays,Male,Australia,Oceania,73.28,1.77,True
Page,Male,Mexico,North America,61.16,1.98,False
Friedman,Male,Qatar,Asia,56.88,1.88,True
Hansen,Male,Russia,Europe,92.32,1.87,False
Williamson,Female,Mexico,North America,92.68,1.69,False
Craig,Female,China,Asia,95.04,1.66,False
Mckay,Male,Canada,North America,87.29,1.99,True
Wu,Female,China,Asia,89.61,1.87,False
Howell,Female,Thailand,Asia,87.99,1.53,False
Spencer,Male,United States,North America,82.43,1.79,True
Wheeler,Male,Italy,Europe,66.48,1.68,True
Mills,Female,Thailand,Asia,56.26,1.93,False
Bradshaw,Female,Germany,Europe,58.59,1.52,True
Vega,Male,Peru,South America,55.86,1.58,False
Wells,Male,Brazil,South America,80.61,1.99,False
Carlson,Male,Germany,Europe,87.9,1.97,True
Fox,Male,United States,North America,59.48,1.55,True
Sanford,Male,Australia,Oceania,73.65,1.89,True
Collins,Male,South Africa,Africa,62.55,1.63,False
Phillips,Female,United States,North America,81.11,1.86,True
Wall,Male,Thailand,Asia,94.64,1.59,False
Wilson,Male,Brazil,South America,56.35,1.7,False
Walker,Female,Peru,South America,97.55,1.51,False
Wagner,Male,Germany,Europe,90.03,1.83,True
Tucker,Male,France,Europe,88.26,1.79,True
Johnston,Female,Australia,Oceania,74.85,1.7,True
Anderson,Male,Qatar,Asia,80.4,1.91,True
Ewing,Male,Mexico,North America,68.26,1.86,False
Hendricks,Male,China,Asia,82.59,1.88,False
Villanueva,Male,Russia,Europe,65.27,1.59,False
Morgan,Female,United States,North America,55.38,1.99,True
Brooks,Female,Australia,Oceania,85.67,1.55,True
Davis,Male,China,Asia,73.96,1.64,False
Lopez,Female,Mexico,North America,65.23,1.74,False
Adams,Male,Italy,Europe,59.15,1.6,True
Anderson,Female,Italy,Europe,84.99,1.71,True
Ramos,Male,Mexico,North America,50.48,1.83,False
Carr,Female,Japan,Asia,71.6,1.53,True
Romero,Female,Australia,Oceania,68.82,1.65,True
West,Female,France,Europe,53.2,1.68,True
Johnson,Female,Japan,Asia,97.62,1.68,True
Silva,Female,Qatar,Asia,80.9,1.98,True
Dawson,Female,Italy,Europe,55.73,1.5,True
Baker,Male,United Kingdom,Europe,69.03,1.62,True
Branch,Female,United States,North America,77.21,1.5,True
Diaz,Male,China,Asia,75.3,1.75,False
Cameron,Male,Thailand,Asia,66.18,1.71,False
Todd,Female,Singapore,Asia,83.74,1.56,True
Olson,Male,Japan,Asia,77.55,1.74,True
Kramer,Female,Australia,Oceania,74.74,1.74,True
Cunningham,Male,Japan,Asia,73.46,1.74,True
Bryan,Female,Mexico,North America,78.11,1.66,False
Boyd,Female,United Kingdom,Europe,59.22,1.69,True
Nunez,Male,Japan,Asia,93.38,1.53,True
Carrillo,Male,Canada,North America,58.31,1.61,True
Lane,Male,Italy,Europe,53.91,1.95,True
Collins,Male,Japan,Asia,56.2,1.73,True
Acosta,Male,Qatar,Asia,72.98,1.72,True
Castro,Male,Russia,Europe,96.82,1.91,False
Murray,Male,Italy,Europe,94.63,1.6,True
Weber,Male,China,Asia,59.15,1.59,False
French,Male,South Africa,Africa,62.09,1.92,False
Lynch,Male,Peru,South America,91.21,1.63,False
Le,Male,Peru,South America,74.59,1.76,False
Hensley,Male,Canada,North America,78.91,1.91,True
Perez,Male,Mexico,North America,77.37,1.73,False
Barr,Female,South Africa,Africa,64.28,1.98,False
Pugh,Male,Russia,Europe,74.84,1.88,False
Daniels,Male,United States,North America,54.36,1.9,True
Gray,Male,Germany,Europe,54.09,1.56,True
Wiggins,Male,Thailand,Asia,90.03,1.97,False
Dunn,Male,Thailand,Asia,94.38,1.79,False
Taylor,Female,Australia,Oceania,59.4,1.6,True
Smith,Male,Brazil,South America,84.82,1.65,False
Meyer,Female,Brazil,South America,80.81,1.58,False
Myers,Female,Italy,Europe,73.77,1.91,True
Hernandez,Female,Peru,South America,56.54,1.73,False
Harvey,Male,Mexico,North America,81.5,1.94,False
Pacheco,Male,South Africa,Africa,73.92,1.68,False
Allen,Female,United States,North America,97.92,1.5,True
Becker,Female,Russia,Europe,53.69,1.86,False
Wright,Female,Australia,Oceania,77.19,1.79,True
Shannon,Female,Japan,Asia,50.94,1.98,True
Garcia,Male,Mexico,North America,99.07,1.85,False
Hendrix,Female,Germany,Europe,90.71,1.68,True
Johnson,Male,Thailand,Asia,83.48,1.94,False
Armstrong,Female,Peru,South America,60.53,1.79,False
Hill,Female,Qatar,Asia,94.63,1.61,True
Krueger,Female,Thailand,Asia,95.8,1.9,False
Barber,Female,South Africa,Africa,65.48,1.71,False
Watkins,Male,Canada,North America,62.97,1.78,True
Hart,Male,France,Europe,66.49,1.8,True
Lee,Male,United Kingdom,Europe,67.13,1.7,True
Wilson,Male,Singapore,Asia,56.53,1.72,True
Stevens,Male,Russia,Europe,67.91,1.58,False
Johnson,Male,Singapore,Asia,54.97,1.82,True
Mahoney,Female,Canada,North America,86.79,1.94,True
White,Male,Qatar,Asia,72.17,1.61,True
Buck,Female,Brazil,South America,94.76,1.92,False
Sanchez,Female,South Africa,Africa,58.82,1.57,False
Ray,Female,Brazil,South America,88.49,1.71,False
Nicholson,Male,Canada,North America,55.06,1.59,True
Vaughan,Female,Germany,Europe,53.33,1.84,True
Camacho,Male,United Kingdom,Europe,82.02,1.76,True
Brooks,Female,Peru,South America,54.73,1.71,False
Rogers,Male,Peru,South America,59.82,1.53,False
Hicks,Female,Germany,Europe,97.72,1.71,True
Baker,Female,Russia,Europe,82.79,1.85,False
Peterson,Female,Peru,South America,97.13,1.55,False
Cook,Male,Australia,Oceania,91.8,1.79,True
Torres,Female,United States,North America,68.52,1.71,True
Fisher,Male,United States,North America,50.97,1.8,True
Sexton,Female,Peru,South America,74.16,1.84,False
Black,Male,United States,North America,83.21,1.78,True
Ruiz,Male,Brazil,South America,72.41,1.65,False
Gomez,Male,Japan,Asia,97.83,1.92,True
Turner,Male,United Kingdom,Europe,76.84,1.89,True
Johnson,Female,Mexico,North America,72.69,1.55,False
Norman,Male,Australia,Oceania,65.55,1.92,True
Quinn,Male,Canada,North America,61.86,1.99,True
Middleton,Male,Mexico,North America,83.87,2.0,False
Phillips,Female,Brazil,South America,74.28,1.84,False
Estrada,Female,Australia,Oceania,58.47,1.79,True
Garrison,Male,Peru,South America,85.26,1.76,False
Turner,Male,South Africa,Africa,96.0,1.73,False
Lyons,Male,China,Asia,87.77,1.52,False
Wilcox,Female,China,Asia,56.4,1.81,False
Larson,Male,South Africa,Africa,60.02,1.52,False
Hutchinson,Female,Brazil,South America,51.83,1.58,False
Moore,Female,Russia,Europe,67.39,1.66,False
Stewart,Male,South Africa,Africa,88.54,1.85,False
Lewis,Female,Qatar,Asia,94.35,1.7,True
Bryan,Female,United States,North America,59.48,1.56,True
Woodard,Female,Singapore,Asia,84.61,1.78,True
Washington,Female,Singapore,Asia,59.64,1.85,True
Moody,Female,Brazil,South America,56.17,1.64,False
Torres,Male,Brazil,South America,59.92,1.89,False
Wu,Male,France,Europe,61.31,1.99,True
Andrews,Female,Qatar,Asia,95.51,1.76,True
Walker,Female,Singapore,Asia,81.79,1.65,True
Nguyen,Male,Peru,South America,84.35,1.99,False
Thomas,Female,Brazil,South America,59.99,1.93,False
Murphy,Female,Mexico,North America,86.69,1.85,False
Logan,Male,United States,North America,82.57,1.84,True
Bennett,Female,United States,North America,83.34,1.8,True
Cole,Female,Qatar,Asia,79.61,1.6,True
Guerrero,Female,Mexico,North America,93.53,1.5,False
Lee,Female,Germany,Europe,79.85,1.78,True
Duncan,Male,Russia,Europe,84.3,1.76,False
Lynch,Male,France,Europe,80.11,1.91,True
Roman,Male,South Africa,Africa,58.65,1.77,False
Ortiz,Male,Mexico,North America,75.13,1.97,False
Oconnor,Female,Germany,Europe,91.27,1.88,True
Cruz,Male,China,Asia,77.29,1.68,False
Campbell,Male,United States,North America,68.1,1.64,True
Paul,Female,Germany,Europe,89.57,1.78,True
Rodriguez,Female,South Africa,Africa,78.12,1.52,False
Smith,Female,United Kingdom,Europe,99.63,1.92,True
Castillo,Female,United States,North America,70.52,1.74,True
Miller,Female,Russia,Europe,54.39,1.8,False
Robinson,Male,United States,North America,56.91,1.54,True
Miller,Male,Qatar,Asia,69.98,1.65,True
Webster,Male,China,Asia,61.3,1.67,False
Lloyd,Female,Italy,Europe,75.67,1.56,True
Bell,Male,Mexico,North America,87.7,1.93,False
Schultz,Female,Canada,North America,81.16,1.97,True
Nelson,Female,France,Europe,78.08,1.65,True
Pitts,Male,Russia,Europe,68.57,1.57,False
Rivera,Male,Brazil,South America,70.7,1.97,False
Wood,Female,Italy,Europe,87.32,1.91,True
Villegas,Female,United States,North America,54.06,1.53,True
Morgan,Male,United States,North America,84.84,1.87,True
Bennett,Female,Mexico,North America,80.6,1.68,False
Gonzales,Male,United States,North America,69.47,1.9,True
Camacho,Male,Mexico,North America,78.11,1.79,False
Salas,Male,Singapore,Asia,90.42,1.69,True
Henderson,Female,China,Asia,54.25,1.56,False
Wilson,Male,Australia,Oceania,75.51,1.65,True
Underwood,Female,United Kingdom,Europe,57.84,1.6,True
Clarke,Male,Peru,South America,61.22,1.97,False
Hansen,Male,France,Europe,97.04,1.9,True
Neal,Female,Australia,Oceania,91.08,1.98,True
Thompson,Female,Mexico,North America,95.55,1.54,False
Little,Male,Peru,South America,52.07,1.54,False
Ramsey,Male,France,Europe,97.04,1.97,True
Walton,Male,United States,North America,88.23,1.9,True
Hardy,Male,Thailand,Asia,55.65,1.72,False
Andrews,Male,France,Europe,60.36,1.8,True
Mcdowell,Male,China,Asia,78.19,1.88,False
Duarte,Male,United Kingdom,Europe,76.61,1.55,True
Malone,Female,Qatar,Asia,79.36,1.62,True
Villa,Male,Brazil,South America,92.31,1.61,False
Miller,Male,United States,North America,84.78,1.74,True
Smith,Male,Singapore,Asia,91.48,1.98,True
Blankenship,Female,Qatar,Asia,50.4,1.85,True
Ballard,Male,South Africa,Africa,73.26,2.0,False
Wolfe,Male,United Kingdom,Europe,71.03,1.78,True
Williams,Male,United States,North America,77.69,1.82,True
Klein,Female,Qatar,Asia,89.1,1.67,True
Nelson,Female,Thailand,Asia,98.78,1.94,False
Mccoy,Female,Singapore,Asia,61.71,1.81,True
Mcdowell,Female,Canada,North America,89.94,1.88,True
Schroeder,Female,United Kingdom,Europe,96.35,1.73,True
Ward,Female,United States,North America,73.56,2.0,True
Black,Female,South Africa,Africa,62.24,1.57,False
Carroll,Female,Australia,Oceania,93.99,1.82,True
Morrison,Female,Peru,South America,51.86,1.86,False
Castillo,Male,Australia,Oceania,79.76,1.74,True
Gonzalez,Male,South Africa,Africa,54.33,1.52,False
Robinson,Female,Russia,Europe,52.33,1.89,False
Martin,Male,South Africa,Africa,92.66,1.53,False
Armstrong,Male,Peru,South America,94.32,1.64,False
Solis,Male,China,Asia,89.8,1.7,False
Patel,Female,China,Asia,86.15,1.76,False
Barker,Female,Italy,Europe,57.07,1.91,True
Church,Male,Brazil,South America,65.78,1.5,False
Mendez,Male,Russia,Europe,64.03,1.6,False
Taylor,Female,Qatar,Asia,96.94,1.74,True
Chang,Male,Germany,Europe,82.63,1.97,True
Mccoy,Male,Qatar,Asia,77.03,1.7,True
Daugherty,Male,Mexico,North America,51.93,1.62,False
Johnson,Female,Thailand,Asia,53.17,1.59,False
Rodriguez,Male,Qatar,Asia,85.57,1.78,True
Haney,Male,Peru,South America,60.18,1.65,False
Yoder,Male,Japan,Asia,93.53,2.0,True
Rasmussen,Female,Italy,Europe,79.1,1.68,True
Gonzalez,Female,Peru,South America,88.05,1.99,False
Scott,Male,Germany,Europe,98.8,1.97,True
Rojas,Male,Japan,Asia,55.22,1.57,True
Graham,Male,Qatar,Asia,69.63,1.71,True
Bowers,Female,Brazil,South America,91.04,1.67,False
Jones,Female,Qatar,Asia,69.31,1.8,True
Andrews,Female,South Africa,Africa,57.63,1.95,False
Rivera,Female,France,Europe,59.17,1.52,True
Williams,Male,United States,North America,56.24,1.52,True
Larson,Male,United Kingdom,Europe,57.19,1.99,True
Stephens,Female,Peru,South America,61.67,1.79,False
Reyes,Female,France,Europe,82.07,1.8,True
Hinton,Male,Brazil,South America,65.0,1.6,False
Daniels,Male,Germany,Europe,53.94,1.6,True
White,Male,France,Europe,60.93,1.89,True
Hudson,Male,Mexico,North America,88.8,1.53,False
Forbes,Female,Germany,Europe,78.72,1.61,True
Campos,Male,France,Europe,58.17,1.71,True
Perez,Male,France,Europe,61.46,1.83,True
Aguilar,Male,Thailand,Asia,94.98,1.69,False
Freeman,Male,South Africa,Africa,57.42,1.69,False
Juarez,Female,Qatar,Asia,86.4,1.81,True
Lee,Male,Japan,Asia,74.92,1.53,True
Marshall,Female,United States,North America,56.57,1.93,True
Rodriguez,Female,Qatar,Asia,99.96,1.57,True
Flores,Female,Qatar,Asia,98.51,1.98,True
Pope,Female,Japan,Asia,72.89,1.66,True
Herrera,Female,Singapore,Asia,75.94,1.88,True
Nichols,Male,Peru,South America,61.0,1.92,False
Price,Male,China,Asia,53.27,1.62,False
Garner,Female,Singapore,Asia,77.21,1.63,True
Jones,Female,Australia,Oceania,58.01,1.52,True
Simmons,Male,South Africa,Africa,64.9,1.9,False
Benson,Female,Japan,Asia,89.73,1.55,True
Davis,Male,Japan,Asia,88.26,1.9,True
Pratt,Female,Singapore,Asia,97.78,1.89,True
Peterson,Female,Australia,Oceania,64.89,1.89,True
Scott,Male,Brazil,South America,72.36,1.52,False
Baker,Male,Brazil,South America,83.43,1.92,False
Hampton,Male,Australia,Oceania,56.34,1.97,True
Fernandez,Female,Singapore,Asia,64.31,1.56,True
Houston,Female,Singapore,Asia,99.9,1.73,True
Maxwell,Female,China,Asia,96.93,1.78,False
Berg,Female,Australia,Oceania,64.23,1.8,True
Mccoy,Female,Canada,North America,89.72,1.8,True
Garcia,Male,Germany,Europe,93.9,1.81,True
Taylor,Female,Mexico,North America,73.29,1.67,False
Miller,Male,Singapore,Asia,77.26,1.52,True
Young,Female,Japan,Asia,76.89,1.97,True
Wise,Male,United States,North America,68.19,1.98,True
Harris,Female,Thailand,Asia,95.24,1.9,False
Washington,Female,Peru,South America,89.34,1.94,False
Dominguez,Male,Brazil,South America,94.11,1.51,False
Thornton,Male,France,Europe,73.17,1.94,True
Ward,Female,Russia,Europe,67.84,1.82,False
Hicks,Male,Thailand,Asia,72.56,1.92,False
Williams,Male,Thailand,Asia,95.54,1.81,False
Meyers,Male,China,Asia,90.45,1.61,False
Porter,Male,Peru,South America,70.16,1.71,False
Parrish,Male,United States,North America,75.75,1.96,True
Brooks,Male,Australia,Oceania,66.15,1.5,True
Donovan,Female,Russia,Europe,87.91,1.54,False
Drake,Male,Germany,Europe,51.63,1.64,True
Lee,Male,South Africa,Africa,70.92,1.89,False
Morales,Female,China,Asia,55.69,1.87,False
Johnson,Female,South Africa,Africa,87.14,1.66,False
Pratt,Male,Russia,Europe,58.38,1.51,False
Robinson,Female,Australia,Oceania,90.2,1.51,True
Hines,Male,France,Europe,85.9,1.67,True
Maldonado,Female,Germany,Europe,96.77,1.96,True
Gross,Female,Peru,South America,81.41,1.55,False
Edwards,Male,Australia,Oceania,53.02,1.59,True
Hall,Male,United States,North America,50.14,1.73,True
Jones,Female,South Africa,Africa,75.1,1.87,False
Coleman,Male,Italy,Europe,88.65,1.71,True
Werner,Female,Peru,South America,75.49,1.67,False
Pierce,Male,Mexico,North America,58.51,1.9,False
Smith,Female,South Africa,Africa,59.82,1.69,False
Hood,Female,Singapore,Asia,99.9,1.78,True
Parker,Female,Peru,South America,77.42,2.0,False
Smith,Male,China,Asia,81.4,1.51,False
Edwards,Female,Italy,Europe,56.54,1.68,True
Torres,Male,France,Europe,89.84,1.51,True
Little,Male,Australia,Oceania,55.08,1.76,True
Proctor,Male,China,Asia,82.99,1.73,False
Poole,Male,France,Europe,63.79,1.66,True
Gutierrez,Male,Canada,North America,58.14,1.51,True
Powell,Male,Thailand,Asia,65.41,1.74,False
Williamson,Female,Thailand,Asia,99.75,1.89,False
Murphy,Female,Mexico,North America,97.36,1.83,False
Levy,Male,Russia,Europe,98.7,1.68,False
Newman,Female,Qatar,Asia,60.0,1.7,True
Morse,Female,United Kingdom,Europe,75.53,1.68,True
Franklin,Female,Russia,Europe,67.08,1.52,False
Smith,Female,Brazil,South America,53.5,1.86,False
Duncan,Female,Brazil,South America,73.71,1.78,False
Marquez,Male,Germany,Europe,69.58,1.71,True
Rojas,Male,Germany,Europe,81.76,1.95,True
Young,Female,Japan,Asia,78.58,1.68,True
Ayers,Female,Thailand,Asia,82.48,1.76,False
Miller,Male,South Africa,Africa,79.86,1.52,False
Collins,Female,South Africa,Africa,72.64,1.93,False
Hanson,Female,Singapore,Asia,84.65,1.78,True
Miller,Male,Russia,Europe,85.39,1.73,False
Andrews,Male,Mexico,North America,80.27,1.97,False
Hall,Female,Thailand,Asia,95.91,1.53,False
Morton,Female,United States,North America,64.12,1.51,True
Brown,Male,Canada,North America,70.82,1.65,True
Bryant,Female,Thailand,Asia,55.64,1.62,False
Brown,Female,Mexico,North America,84.15,1.54,False
Browning,Female,Germany,Europe,91.91,1.88,True
Callahan,Male,Peru,South America,72.35,1.8,False
Bell,Male,Japan,Asia,57.65,1.84,True
Hammond,Female,Mexico,North America,65.98,1.96,False
Lawrence,Female,Australia,Oceania,73.28,1.51,True
Chandler,Male,South Africa,Africa,98.01,1.98,False
Dickerson,Female,Brazil,South America,59.35,1.56,False
Ramos,Female,Russia,Europe,75.32,1.55,False
Gibson,Female,Singapore,Asia,63.22,1.64,True
Wyatt,Female,Mexico,North America,95.56,1.89,False
Taylor,Female,United States,North America,52.38,1.55,True
Velasquez,Female,Germany,Europe,61.7,1.5,True
Reilly,Male,Australia,Oceania,86.1,1.6,True
Allen,Female,Australia,Oceania,91.93,1.87,True
Watts,Male,Peru,South America,96.28,1.66,False
King,Male,Germany,Europe,71.33,1.56,True
Rice,Female,Australia,Oceania,55.01,1.66,True
Watson,Male,United Kingdom,Europe,87.49,1.5,True
Hubbard,Male,Canada,North America,69.15,1.78,True
Shannon,Male,Thailand,Asia,50.35,1.79,False
Dunn,Female,Canada,North America,69.01,1.64,True
Mcdaniel,Male,Brazil,South America,65.91,1.54,False
Hopkins,Male,Italy,Europe,89.68,1.59,True
Watson,Female,Singapore,Asia,76.16,1.96,True
Jackson,Male,Thailand,Asia,71.46,1.53,False
Wilson,Male,United Kingdom,Europe,88.87,1.81,True
Young,Female,Brazil,South America,90.77,1.65,False
Ellis,Male,Brazil,South America,71.73,1.64,False
Silva,Female,Australia,Oceania,54.45,1.77,True
Wiggins,Male,France,Europe,76.5,1.57,True
Roberts,Male,Italy,Europe,74.56,1.54,True
Warner,Female,China,Asia,85.23,1.77,False
Morgan,Female,France,Europe,87.08,1.92,True
Swanson,Female,South Africa,Africa,83.38,1.81,False
Valenzuela,Female,Qatar,Asia,54.55,1.72,True
Carter,Male,United States,North America,85.05,1.97,True
Sampson,Female,Australia,Oceania,89.45,1.97,True
Hill,Female,Singapore,Asia,54.42,1.53,True
Brown,Female,Singapore,Asia,86.7,1.95,True
Rios,Female,Italy,Europe,86.06,1.68,True
Collins,Male,Thailand,Asia,67.39,1.91,False
Payne,Female,Thailand,Asia,94.46,1.85,False
Craig,Female,Russia,Europe,99.44,1.83,False
Campos,Female,United States,North America,92.57,1.55,True
Hart,Female,Brazil,South America,61.57,1.76,False
Winters,Male,Japan,Asia,88.48,1.95,True
Wright,Female,Brazil,South America,70.69,1.56,False
Wood,Male,South Africa,Africa,81.56,1.96,False
Wright,Female,Qatar,Asia,72.56,1.54,True
Huffman,Male,South Africa,Africa,89.42,1.94,False
Quinn,Male,Peru,South America,79.2,1.5,False
Hancock,Female,Peru,South America,89.38,1.71,False
Villarreal,Female,Italy,Europe,53.69,1.92,True
Reid,Male,Brazil,South America,73.62,1.57,False
Norman,Male,Brazil,South America,96.29,1.78,False
Kennedy,Female,Qatar,Asia,81.85,1.62,True
Bennett,Female,France,Europe,92.54,1.9,True
Cox,Male,Mexico,North America,95.18,1.84,False
Rose,Male,Japan,Asia,70.39,1.57,True
Nolan,Male,Italy,Europe,91.75,1.86,True
Brooks,Female,Japan,Asia,61.87,1.83,True
Medina,Male,Qatar,Asia,94.52,1.79,True
Garcia,Male,Russia,Europe,90.88,1.69,False
Woods,Male,South Africa,Africa,69.22,1.51,False
Summers,Male,Canada,North America,71.15,1.73,True
Cruz,Female,Japan,Asia,51.55,1.98,True
Miller,Male,Brazil,South America,60.53,1.93,False
Mahoney,Female,Russia,Europe,90.97,1.71,False
Nicholson,Female,United Kingdom,Europe,54.94,1.62,True
Jackson,Male,Russia,Europe,94.63,1.8,False
Jordan,Female,Qatar,Asia,87.13,1.82,True
Davis,Male,Qatar,Asia,92.56,1.89,True
King,Male,China,Asia,72.07,1.57,False
Rogers,Female,Russia,Europe,97.87,1.9,False
Wilkerson,Male,Japan,Asia,64.39,1.75,True
Hughes,Male,Brazil,South America,90.51,1.81,False
Taylor,Male,United States,North America,97.82,1.57,True
Castro,Female,Japan,Asia,61.04,1.64,True
Walker,Female,Canada,North America,95.43,1.86,True
Morrow,Male,France,Europe,74.15,1.56,True
Roberts,Female,Singapore,Asia,77.83,1.97,True
Schneider,Male,United States,North America,92.78,1.83,True
Kaiser,Female,Mexico,North America,57.54,1.77,False
Collins,Male,Brazil,South America,50.75,1.91,False
Pennington,Female,Peru,South America,95.45,1.5,False
Nguyen,Male,United States,North America,98.33,1.54,True
Clark,Male,Peru,South America,62.83,1.83,False
Fisher,Female,Japan,Asia,56.33,1.78,True
Becker,Female,France,Europe,83.37,1.52,True
Sanchez,Male,Canada,North America,66.57,1.57,True
Schultz,Female,Mexico,North America,54.97,1.81,False
Jensen,Female,Italy,Europe,58.55,1.5,True
Sanders,Female,South Africa,Africa,81.62,1.63,False
Lewis,Female,Peru,South America,58.92,1.8,False
Green,Male,South Africa,Africa,59.44,1.82,False
Lucas,Female,France,Europe,74.37,1.71,True
Wade,Male,United Kingdom,Europe,90.45,1.68,True
Mitchell,Male,Peru,South America,76.09,1.83,False
Wolfe,Male,France,Europe,96.82,1.84,True
Goodwin,Male,South Africa,Africa,84.54,1.57,False
Williams,Female,France,Europe,82.58,1.83,True
Mcdonald,Male,Russia,Europe,66.85,1.7,False
Stephens,Female,United Kingdom,Europe,95.09,1.84,True
Henry,Female,Italy,Europe,76.57,1.95,True
Lee,Female,United Kingdom,Europe,95.55,1.76,True
Wong,Male,France,Europe,73.83,1.58,True
Hanson,Female,Qatar,Asia,81.79,1.82,True
Reyes,Female,Brazil,South America,68.22,1.78,False
Weiss,Male,Japan,Asia,69.33,1.64,True
Lopez,Male,Mexico,North America,55.38,1.67,False
Washington,Female,Qatar,Asia,50.33,1.66,True
Roman,Male,China,Asia,58.87,1.53,False
Lloyd,Female,United States,North America,81.05,1.66,True
Jones,Female,Japan,Asia,53.75,1.66,True
Golden,Male,United States,North America,62.22,1.57,True
Watson,Male,Mexico,North America,60.98,1.53,False
Smith,Male,Mexico,North America,73.39,1.97,False
Johnson,Male,Australia,Oceania,83.74,1.51,True
Henderson,Male,Peru,South America,80.13,1.59,False
Stewart,Female,Italy,Europe,66.07,1.6,True
James,Female,Mexico,North America,65.96,1.76,False
Willis,Male,Italy,Europe,73.9,1.61,True
Mccarthy,Female,Russia,Europe,61.7,1.51,False
Young,Female,Thailand,Asia,87.55,1.79,False
Levine,Male,United States,North America,79.32,1.52,True
Odom,Female,Russia,Europe,71.73,1.63,False
Collins,Male,Brazil,South America,73.12,1.64,False
Jordan,Male,Germany,Europe,78.02,1.53,True
Wolfe,Male,Thailand,Asia,64.87,1.5,False
York,Female,Germany,Europe,75.02,1.53,True
Oconnell,Female,Russia,Europe,98.79,1.97,False
Phillips,Female,China,Asia,87.22,1.9,False
Huang,Female,Germany,Europe,55.68,1.59,True
Hernandez,Female,United States,North America,64.02,1.75,True
Stevens,Female,Peru,South America,99.72,1.93,False
Ramirez,Male,Mexico,North America,93.99,1.85,False
Burke,Male,Russia,Europe,58.48,1.56,False
Munoz,Female,Germany,Europe,66.73,1.65,True
Lopez,Male,Singapore,Asia,64.51,1.54,True
Stein,Female,United States,North America,71.6,1.91,True
Sutton,Male,Brazil,South America,92.59,1.57,False
Strickland,Female,United Kingdom,Europe,69.69,1.74,True
Burns,Male,Germany,Europe,87.7,1.97,True
Beck,Male,Australia,Oceania,66.64,1.7,True
Fuentes,Male,United Kingdom,Europe,61.08,1.51,True
Johnston,Female,France,Europe,71.03,1.82,True
Hall,Female,Italy,Europe,92.23,1.59,True
Bentley,Female,France,Europe,99.1,1.98,True
Nichols,Male,Australia,Oceania,95.49,1.55,True
Gould,Female,Germany,Europe,58.29,1.71,True
Smith,Female,France,Europe,81.92,1.55,True
Matthews,Male,Thailand,Asia,55.48,1.83,False
Williams,Male,South Africa,Africa,79.15,1.63,False
Mack,Female,Australia,Oceania,57.55,1.92,True
Porter,Female,Russia,Europe,99.22,1.5,False
Wilson,Male,Peru,South America,97.1,1.75,False
Young,Female,United States,North America,52.58,1.93,True
Skinner,Female,Germany,Europe,94.06,1.59,True
Pittman,Female,Russia,Europe,75.34,1.74,False
Long,Female,Australia,Oceania,78.35,1.54,True
Taylor,Male,Qatar,Asia,97.1,1.94,True
Young,Male,Germany,Europe,60.55,1.83,True
Ho,Female,Peru,South America,55.04,1.71,False
Bell,Male,China,Asia,67.48,1.58,False
West,Male,Brazil,South America,60.97,1.74,False
Hudson,Male,Thailand,Asia,50.4,1.82,False
Austin,Female,Australia,Oceania,53.81,1.89,True
Parker,Female,South Africa,Africa,75.14,1.54,False
Brooks,Male,Italy,Europe,55.49,1.95,True
Ford,Female,Singapore,Asia,76.12,1.65,True
Blackwell,Female,Thailand,Asia,65.05,1.77,False
Figueroa,Female,United States,North America,93.34,1.98,True
Jones,Female,United Kingdom,Europe,62.59,1.81,True
Hernandez,Female,Mexico,North America,92.15,1.95,False
Wilson,Female,Germany,Europe,95.0,1.65,True
Oneill,Male,South Africa,Africa,73.75,1.56,False
Obrien,Male,Italy,Europe,83.84,1.54,True
Todd,Female,Peru,South America,56.24,1.65,False
Kim,Male,Russia,Europe,66.72,1.72,False
Best,Female,United Kingdom,Europe,88.16,1.73,True
Bowers,Male,South Africa,Africa,80.48,1.84,False
Hansen,Male,Canada,North America,59.45,1.92,True
Greene,Male,United States,North America,92.07,1.5,True
Garza,Female,Italy,Europe,81.76,1.79,True
Coleman,Female,United States,North America,88.48,1.56,True
Estes,Female,Japan,Asia,79.69,1.51,True
Kirby,Male,France,Europe,78.05,1.55,True
Martinez,Female,Canada,North America,64.56,1.79,True
Davis,Male,Mexico,North America,66.75,1.76,False
Morales,Female,Japan,Asia,91.36,1.51,True
Lawson,Female,Italy,Europe,92.57,1.78,True
Wallace,Male,France,Europe,92.97,1.76,True
Espinoza,Male,Mexico,North America,96.76,1.93,False
Adams,Female,Singapore,Asia,99.72,1.58,True
Hamilton,Male,Australia,Oceania,88.43,1.57,True
Valdez,Male,South Africa,Africa,63.33,1.63,False
Thompson,Male,Canada,North America,84.34,1.63,True
Mclaughlin,Male,Italy,Europe,83.18,1.72,True
Morris,Female,Japan,Asia,55.95,1.54,True
Montes,Male,Thailand,Asia,82.99,1.82,False
Brown,Female,Mexico,North America,96.9,1.8,False
Walker,Female,China,Asia,69.62,1.88,False
Espinoza,Male,China,Asia,90.01,1.76,False
Miller,Male,United States,North America,73.42,1.63,True
Porter,Male,Mexico,North America,62.37,1.82,False
Osborn,Female,Canada,North America,57.42,1.54,True
Morgan,Male,Peru,South America,65.36,1.86,False
Clark,Female,Canada,North America,61.73,1.77,True
Diaz,Male,China,Asia,92.85,1.61,False
Alvarado,Female,Qatar,Asia,66.15,1.92,True
Morrison,Female,Japan,Asia,73.19,1.58,True
Arnold,Male,Peru,South America,93.0,1.94,False
Carroll,Female,Australia,Oceania,76.53,1.54,True
Holloway,Male,Italy,Europe,80.01,1.79,True
Mathews,Male,Italy,Europe,66.41,1.76,True
West,Female,Germany,Europe,80.06,1.86,True
Barrera,Male,China,Asia,79.43,1.74,False
Pennington,Female,Qatar,Asia,57.36,1.51,True
Vaughn,Male,Australia,Oceania,91.66,1.92,True
Smith,Male,United States,North America,76.72,1.83,True
Baker,Male,United Kingdom,Europe,60.02,1.57,True
Olson,Female,Canada,North America,93.76,1.66,True
Gonzales,Female,Mexico,North America,56.55,1.94,False
Lane,Female,United Kingdom,Europe,90.4,1.56,True
Henry,Female,Canada,North America,68.6,1.53,True
Walker,Male,Canada,North America,70.97,1.8,True
Salazar,Male,Italy,Europe,60.71,1.99,True
Lewis,Female,Singapore,Asia,68.09,1.89,True
Williams,Male,China,Asia,53.33,1.88,False
Mueller,Male,Italy,Europe,85.92,1.64,True
Houston,Female,Singapore,Asia,90.0,1.63,True
Wallace,Female,Peru,South America,87.42,1.97,False
Myers,Male,Japan,Asia,65.74,1.99,True
Coleman,Female,Peru,South America,51.29,1.84,False
Winters,Female,Germany,Europe,52.72,1.55,True
Gonzalez,Female,Australia,Oceania,75.18,1.5,True
Wheeler,Female,Germany,Europe,69.24,1.56,True
Martinez,Female,Canada,North America,75.76,1.88,True
Bowen,Male,Brazil,South America,71.63,1.85,False
Huber,Female,Germany,Europe,63.65,1.88,True
Webb,Female,Italy,Europe,73.44,1.71,True
Thomas,Male,Singapore,Asia,91.06,1.62,True
Hernandez,Female,United Kingdom,Europe,95.54,1.76,True
Lewis,Female,South Africa,Africa,79.31,1.96,False
Russell,Female,Canada,North America,83.33,1.5,True
Cobb,Female,Brazil,South America,54.56,1.89,False
Smith,Male,Thailand,Asia,89.39,1.91,False
Allison,Male,Peru,South America,90.85,1.86,False
Ramos,Male,China,Asia,53.92,1.93,False
Smith,Male,Brazil,South America,99.74,1.64,False
Mccarthy,Male,Canada,North America,71.82,1.98,True
Fox,Male,Germany,Europe,53.79,1.61,True
Cook,Female,Australia,Oceania,77.23,1.83,True
Martin,Male,Peru,South America,74.71,1.94,False
Perez,Male,United Kingdom,Europe,99.93,1.94,True
Diaz,Male,Australia,Oceania,87.98,1.88,True
Frank,Male,Peru,South America,72.83,1.64,False
Harmon,Female,South Africa,Africa,98.34,1.85,False
Lee,Male,Singapore,Asia,98.37,1.5,True
Cox,Female,Mexico,North America,71.66,1.94,False
Dodson,Female,Germany,Europe,86.54,1.89,True
Dominguez,Female,Germany,Europe,95.92,1.85,True
Clark,Male,United Kingdom,Europe,50.78,1.98,True
Mcguire,Male,Mexico,North America,98.35,1.77,False
Marks,Female,Russia,Europe,57.52,1.69,False
Moore,Male,Qatar,Asia,99.13,1.66,True
Taylor,Female,Australia,Oceania,54.85,1.52,True
Jackson,Female,Russia,Europe,73.07,1.77,False
Brown,Male,Singapore,Asia,56.37,1.93,True
Stokes,Male,Singapore,Asia,67.2,1.87,True
Archer,Female,Peru,South America,50.34,1.5,False
Gibson,Female,Mexico,North America,92.97,1.62,False
Welch,Female,Mexico,North America,83.98,1.96,False
Garcia,Male,United Kingdom,Europe,59.15,1.65,True
Ochoa,Male,Mexico,North America,67.91,1.82,False
Juarez,Female,Russia,Europe,58.01,1.59,False
Simpson,Male,Australia,Oceania,79.45,1.83,True
Davis,Female,France,Europe,80.52,1.51,True
Schneider,Female,Canada,North America,59.83,1.69,True
Jackson,Male,United Kingdom,Europe,86.09,1.69,True
Barnett,Male,Russia,Europe,94.44,1.6,False
Stevenson,Male,United States,North America,59.3,1.87,True
Weaver,Male,Russia,Europe,77.19,1.82,False
Knight,Female,Peru,South America,87.2,1.9,False
Howard,Male,Brazil,South America,75.61,1.59,False
Sellers,Male,France,Europe,89.05,1.7,True
Cervantes,Male,France,Europe,55.99,1.95,True
Cantrell,Male,China,Asia,77.35,1.95,False
Anderson,Female,United Kingdom,Europe,94.32,1.61,True
Leblanc,Male,United States,North America,50.6,1.64,True
Allen,Male,Brazil,South America,50.25,1.96,False
Smith,Male,Thailand,Asia,66.82,1.94,False
Morton,Male,Italy,Europe,62.62,1.91,True
Davis,Female,Italy,Europe,81.73,1.63,True
Mcclain,Female,United States,North America,84.55,1.67,True
Mcgrath,Female,Singapore,Asia,73.26,1.76,True
Sharp,Male,South Africa,Africa,61.89,1.67,False
Villanueva,Female,United Kingdom,Europe,68.09,1.77,True
Swanson,Female,Russia,Europe,51.56,1.76,False
Cook,Female,Russia,Europe,70.79,1.76,False
Lucas,Male,Peru,South America,53.14,1.59,False
Nolan,Female,China,Asia,72.66,1.58,False
Cole,Female,Germany,Europe,87.14,1.5,True
Parker,Female,Singapore,Asia,81.18,1.91,True
Garcia,Male,Mexico,North America,61.71,1.91,False
Harvey,Male,Peru,South America,90.22,1.86,False
Stephens,Female,Italy,Europe,79.24,1.77,True
Callahan,Female,Qatar,Asia,54.18,1.89,True
Mann,Female,Japan,Asia,75.87,1.82,True
Stewart,Female,United Kingdom,Europe,95.77,1.74,True
Fitzpatrick,Female,Canada,North America,79.19,1.56,True
Hernandez,Male,Peru,South America,92.57,1.63,False
Williams,Female,Mexico,North America,55.03,1.55,False
Fitzgerald,Female,Italy,Europe,90.88,1.54,True
Greer,Female,Peru,South America,90.33,1.57,False
Anderson,Male,Italy,Europe,88.6,1.86,True
Nelson,Female,China,Asia,65.74,1.97,False
Wells,Female,Thailand,Asia,74.57,1.57,False
Brooks,Female,Germany,Europe,54.27,1.61,True
Ho,Female,China,Asia,91.4,1.87,False
Richardson,Female,China,Asia,92.15,1.96,False
Cook,Male,Canada,North America,83.16,1.95,True
Hardin,Female,United Kingdom,Europe,52.54,1.77,True
Perez,Female,Australia,Oceania,81.45,1.98,True
Bowers,Female,Brazil,South America,79.77,1.78,False
Smith,Female,Mexico,North America,74.71,1.81,False
Guzman,Female,Canada,North America,75.79,1.62,True
Yang,Female,Germany,Europe,86.64,1.65,True
Holmes,Male,Mexico,North America,59.93,1.81,False
Ellis,Female,Peru,South America,57.19,1.72,False
Shaw,Male,Australia,Oceania,62.04,1.8,True
Liu,Female,Australia,Oceania,65.46,1.99,True
Bartlett,Female,United States,North America,99.57,1.81,True
Grant,Male,Japan,Asia,84.43,1.52,True
Daniel,Female,Japan,Asia,70.96,1.53,True
Barnes,Female,Peru,South America,87.95,1.93,False
Todd,Male,Germany,Europe,86.23,1.76,True
Williams,Male,France,Europe,75.77,1.53,True
Patel,Male,Thailand,Asia,57.86,1.5,False
King,Male,Italy,Europe,77.12,1.95,True
Moore,Male,Qatar,Asia,62.89,1.97,True
Clark,Male,Brazil,South America,80.04,1.62,False
Wood,Female,South Africa,Africa,56.42,1.63,False
Wolfe,Female,Brazil,South America,51.52,1.82,False
Fritz,Female,Russia,Europe,89.24,1.69,False
Price,Female,Russia,Europe,71.14,1.89,False
Smith,Male,Australia,Oceania,93.97,1.97,True
Morrow,Male,China,Asia,85.66,1.89,False
Nguyen,Female,Peru,South America,57.67,1.65,False
Lindsey,Female,Germany,Europe,98.44,1.74,True
Hernandez,Female,Brazil,South America,99.12,1.57,False
Davidson,Female,South Africa,Africa,52.84,1.85,False
Ramos,Male,Brazil,South America,83.33,1.99,False
Escobar,Male,Mexico,North America,94.37,1.78,False
Miller,Male,Qatar,Asia,84.32,1.52,True
Ruiz,Male,France,Europe,98.58,1.69,True
Hall,Male,France,Europe,67.42,1.95,True
Acevedo,Male,Australia,Oceania,91.13,1.94,True
Sanders,Male,Russia,Europe,63.26,1.65,False
Brown,Female,Peru,South America,93.76,1.92,False
Fox,Female,United Kingdom,Europe,75.34,1.94,True
Solis,Male,Japan,Asia,63.62,1.51,True
Walters,Female,Germany,Europe,51.93,1.9,True
Morgan,Male,Brazil,South America,72.89,1.97,False
Miles,Female,Thailand,Asia,58.05,1.51,False
Myers,Male,China,Asia,81.78,1.69,False
Mccoy,Female,Thailand,Asia,71.41,1.54,False
Davidson,Female,South Africa,Africa,95.18,1.67,False
Mejia,Male,Australia,Oceania,50.54,1.74,True
Davis,Male,France,Europe,98.39,1.99,True
Turner,Male,Australia,Oceania,51.91,1.8,True
Palmer,Female,Japan,Asia,55.5,1.91,True
Leon,Male,China,Asia,59.59,1.92,False
Campos,Male,Russia,Europe,53.0,1.95,False
Perry,Male,Germany,Europe,95.21,1.67,True
Davidson,Female,France,Europe,54.43,1.83,True
Jefferson,Female,Australia,Oceania,87.36,1.75,True
Moore,Female,Peru,South America,81.03,1.87,False
Williams,Female,Peru,South America,82.58,1.98,False
Carrillo,Female,Thailand,Asia,96.2,1.91,False
Berger,Male,Russia,Europe,66.01,1.87,False
Schneider,Male,Peru,South America,80.51,1.89,False
Coleman,Male,Mexico,North America,67.28,1.66,False
Larson,Female,Peru,South America,87.58,1.52,False
Harris,Female,China,Asia,72.4,1.65,False
Lewis,Male,Italy,Europe,67.6,1.81,True
Lester,Female,Canada,North America,56.66,1.81,True
Vasquez,Male,Peru,South America,93.74,1.97,False
Boyle,Female,Canada,North America,92.82,1.64,True
Bell,Female,Canada,North America,56.1,1.66,True
Aguirre,Female,Qatar,Asia,90.74,1.85,True
Miller,Female,Russia,Europe,68.99,1.82,False
Miller,Female,Peru,South America,78.75,1.51,False
Moore,Male,Singapore,Asia,85.89,1.63,True
Rojas,Female,Canada,North America,50.23,2.0,True
Castillo,Female,Germany,Europe,76.33,1.78,True
Hamilton,Male,Qatar,Asia,96.67,1.73,True
Sweeney,Female,Brazil,South America,64.43,1.78,False
Rodriguez,Female,China,Asia,75.98,1.87,False
Mitchell,Male,Peru,South America,86.6,1.94,False
Jones,Male,Qatar,Asia,62.27,1.68,True
Wilkins,Male,Russia,Europe,66.47,1.62,False
Scott,Male,China,Asia,63.6,1.7,False
Reed,Female,Australia,Oceania,67.43,1.68,True
Castillo,Female,Thailand,Asia,92.83,1.57,False
Gutierrez,Female,Peru,South America,78.49,1.73,False
Kelley,Female,France,Europe,79.48,1.79,True
Kennedy,Male,Australia,Oceania,67.5,1.52,True
Horn,Female,France,Europe,98.62,1.89,True
