OrderID,UnitPrice,Quantity,Discount,ShippedDate,ShipCountry,ProductName,Year,Category
10886,$31.00 ,70.00,0,3/2/2008,Brazil,Ikura,2008,Seafood
10886,$12.50 ,35.00,0,3/2/2008,Brazil,Gorgonzola Telino,2008,Dairy Products
10886,$13.00 ,40.00,0,3/2/2008,Brazil,Original Frankfurter grüne Soße,2008,Condiments
10903,$6.00 ,40.00,0,3/4/2008,Brazil,Konbu,2008,Seafood
10903,$21.05 ,21.00,0,3/4/2008,Brazil,Louisiana Fiery Hot Pepper Sauce,2008,Condiments
10913,$13.25 ,15.00,0,3/4/2008,Brazil,Escargots de Bourgogne,2008,Seafood
10914,$21.50 ,25.00,0,3/2/2008,Brazil,Fløtemysost,2008,Dairy Products
10921,$43.90 ,40.00,0,3/9/2008,Denmark,Vegie-spread,2008,Condiments
10922,$39.00 ,15.00,0,3/5/2008,Brazil,Alice Mutton,2008,Meat/Poultry
10929,$13.00 ,15.00,0,3/12/2008,Germany,Original Frankfurter grüne Soße,2008,Condiments
10932,$34.80 ,16.00,0,3/24/2008,France,Mozzarella di Giovanni,2008,Dairy Products
10934,$25.00 ,20.00,0,3/12/2008,Germany,Grandma's Boysenberry Spread,2008,Condiments
10940,$6.00 ,20.00,0,3/23/2008,France,Konbu,2008,Seafood
10941,$34.80 ,50.00,0,3/20/2008,USA,Mozzarella di Giovanni,2008,Dairy Products
10945,$6.00 ,20.00,0,3/18/2008,Germany,Konbu,2008,Seafood
10945,$12.50 ,10.00,0,3/18/2008,Germany,Gorgonzola Telino,2008,Dairy Products
10946,$31.00 ,25.00,0,3/19/2008,Denmark,Ikura,2008,Seafood
10946,$13.00 ,40.00,0,3/19/2008,Denmark,Original Frankfurter grüne Soße,2008,Condiments
10949,$25.00 ,12.00,0,3/17/2008,Canada,Grandma's Boysenberry Spread,2008,Condiments
10949,$31.00 ,30.00,0,3/17/2008,Canada,Ikura,2008,Seafood
10949,$39.00 ,6.00,0,3/17/2008,Canada,Alice Mutton,2008,Meat/Poultry
10950,$22.00 ,5.00,0,3/23/2008,Italy,Chef Anton's Cajun Seasoning,2008,Condiments
10962,$6.00 ,77.00,0,3/23/2008,Germany,Konbu,2008,Seafood
10962,$32.80 ,20.00,0,3/23/2008,Germany,Perth Pasties,2008,Meat/Poultry
10962,$36.00 ,9.00,0,3/23/2008,Germany,Gudbrandsdalsost,2008,Dairy Products
10964,$62.50 ,6.00,0,3/24/2008,France,Carnarvon Tigers,2008,Seafood
10964,$36.00 ,10.00,0,3/24/2008,France,Gudbrandsdalsost,2008,Dairy Products
10969,$12.00 ,9.00,0,3/30/2008,Brazil,Spegesild,2008,Seafood
10972,$39.00 ,6.00,0,3/26/2008,France,Alice Mutton,2008,Meat/Poultry
10972,$2.50 ,7.00,0,3/26/2008,France,Geitost,2008,Dairy Products
10973,$9.65 ,6.00,0,3/27/2008,France,Jack's New England Clam Chowder,2008,Seafood
10975,$40.00 ,16.00,0,3/27/2008,Canada,Northwoods Cranberry Sauce,2008,Condiments
10447,$16.80 ,35.00,0,3/7/2007,Brazil,Louisiana Fiery Hot Pepper Sauce,2007,Condiments
10447,$17.20 ,2.00,0,3/7/2007,Brazil,Fløtemysost,2007,Dairy Products
10457,$44.00 ,36.00,0,3/3/2007,Germany,Raclette Courdavault,2007,Dairy Products
10465,$14.70 ,20.00,0,3/14/2007,Denmark,Boston Crab Meat,2007,Seafood
10466,$16.80 ,10.00,0,3/13/2007,Brazil,Queso Cabrales,2007,Dairy Products
10466,$9.60 ,5.00,0,3/13/2007,Brazil,Spegesild,2007,Seafood
10468,$20.70 ,8.00,0,3/12/2007,Germany,Nord-Ost Matjeshering,2007,Seafood
10470,$50.00 ,30.00,0,3/14/2007,France,Carnarvon Tigers,2007,Seafood
10479,$26.20 ,28.00,0,3/21/2007,USA,Perth Pasties,2007,Meat/Poultry
10479,$44.00 ,60.00,0,3/21/2007,USA,Raclette Courdavault,2007,Dairy Products
10480,$44.00 ,12.00,0,3/24/2007,France,Raclette Courdavault,2007,Dairy Products
10481,$27.20 ,40.00,0,3/25/2007,Brazil,Camembert Pierrot,2007,Dairy Products
10393,$10.00 ,32.00,0,1/3/2007,USA,Gorgonzola Telino,2007,Dairy Products
10394,$4.80 ,10.00,0,1/3/2007,USA,Konbu,2007,Seafood
10396,$17.20 ,60.00,0,1/6/2007,Germany,Fløtemysost,2007,Dairy Products
10396,$27.80 ,21.00,0,1/6/2007,Germany,Mozzarella di Giovanni,2007,Dairy Products
10399,$17.20 ,30.00,0,1/8/2007,Denmark,Fløtemysost,2007,Dairy Products
10399,$10.40 ,14.00,0,1/8/2007,Denmark,Original Frankfurter grüne Soße,2007,Condiments
10401,$20.70 ,18.00,0,1/10/2007,USA,Nord-Ost Matjeshering,2007,Seafood
10401,$16.80 ,20.00,0,1/10/2007,USA,Louisiana Fiery Hot Pepper Sauce,2007,Condiments
10401,$17.20 ,60.00,0,1/10/2007,USA,Fløtemysost,2007,Dairy Products
10407,$16.80 ,30.00,0,1/30/2007,Germany,Queso Cabrales,2007,Dairy Products
10407,$28.80 ,15.00,0,1/30/2007,Germany,Gudbrandsdalsost,2007,Dairy Products
10407,$17.20 ,15.00,0,1/30/2007,Germany,Fløtemysost,2007,Dairy Products
10408,$20.80 ,10.00,0,1/14/2007,France,Gravad lax,2007,Seafood
10408,$5.90 ,6.00,0,1/14/2007,France,Tourtière,2007,Meat/Poultry
10410,$2.00 ,49.00,0,1/15/2007,Canada,Geitost,2007,Dairy Products
10410,$44.00 ,16.00,0,1/15/2007,Canada,Raclette Courdavault,2007,Dairy Products
10414,$2.00 ,50.00,0,1/17/2007,Brazil,Geitost,2007,Dairy Products
10415,$31.20 ,2.00,0,1/24/2007,USA,Alice Mutton,2007,Meat/Poultry
10415,$2.00 ,20.00,0,1/24/2007,USA,Geitost,2007,Dairy Products
10417,$10.40 ,35.00,0,1/28/2007,Denmark,Original Frankfurter grüne Soße,2007,Condiments
10418,$22.80 ,16.00,0,1/24/2007,Germany,Sirop d'érable,2007,Condiments
10797,$21.00 ,20.00,0,1/5/2008,Germany,Queso Cabrales,2008,Dairy Products
10799,$55.00 ,25.00,0,1/5/2008,Germany,Raclette Courdavault,2008,Dairy Products
10806,$21.05 ,2.00,0,1/5/2008,France,Louisiana Fiery Hot Pepper Sauce,2008,Condiments
10807,$18.40 ,1.00,0,1/30/2008,Italy,Boston Crab Meat,2008,Seafood
10810,$6.00 ,7.00,0,1/7/2008,Canada,Konbu,2008,Seafood
10812,$13.00 ,20.00,0,1/12/2008,Italy,Original Frankfurter grüne Soße,2008,Condiments
10813,$12.00 ,35.00,0,1/9/2008,Brazil,Spegesild,2008,Seafood
10814,$9.65 ,20.00,0,1/14/2008,France,Jack's New England Clam Chowder,2008,Seafood
10815,$2.50 ,16.00,0,1/14/2008,USA,Geitost,2008,Dairy Products
10818,$32.00 ,20.00,0,1/12/2008,Italy,Mascarpone Fabioli,2008,Dairy Products
10818,$9.65 ,20.00,0,1/12/2008,Italy,Jack's New England Clam Chowder,2008,Seafood
10825,$32.80 ,20.00,0,1/14/2008,Germany,Perth Pasties,2008,Meat/Poultry
10830,$25.00 ,6.00,0,1/21/2008,Brazil,Grandma's Boysenberry Spread,2008,Condiments
10830,$34.00 ,30.00,0,1/21/2008,Brazil,Camembert Pierrot,2008,Dairy Products
10835,$55.00 ,15.00,0,1/21/2008,Germany,Raclette Courdavault,2008,Dairy Products
10849,$10.00 ,49.00,0,1/30/2008,Germany,Aniseed Syrup,2008,Condiments
10852,$39.00 ,6.00,0,1/30/2008,USA,Alice Mutton,2008,Meat/Poultry
10826,$12.50 ,35.00,0,2/6/2008,France,Gorgonzola Telino,2008,Dairy Products
10827,$31.00 ,15.00,0,2/6/2008,France,Ikura,2008,Seafood
10853,$62.50 ,10.00,0,2/3/2008,Germany,Carnarvon Tigers,2008,Seafood
10855,$12.50 ,14.00,0,2/4/2008,USA,Gorgonzola Telino,2008,Dairy Products
10861,$39.00 ,42.00,0,2/17/2008,USA,Alice Mutton,2008,Meat/Poultry
10861,$62.50 ,20.00,0,2/17/2008,USA,Carnarvon Tigers,2008,Seafood
10861,$2.50 ,35.00,0,2/17/2008,USA,Geitost,2008,Dairy Products
10862,$21.00 ,25.00,0,2/2/2008,Germany,Queso Cabrales,2008,Dairy Products
10867,$32.80 ,3.00,0,2/11/2008,USA,Perth Pasties,2008,Meat/Poultry
10876,$12.00 ,21.00,0,2/12/2008,France,Spegesild,2008,Seafood
10877,$62.50 ,25.00,0,2/19/2008,Brazil,Carnarvon Tigers,2008,Seafood
10889,$21.00 ,40.00,0,2/23/2008,USA,Queso Cabrales,2008,Dairy Products
10890,$39.00 ,15.00,0,2/18/2008,France,Alice Mutton,2008,Meat/Poultry
10890,$9.65 ,14.00,0,2/18/2008,France,Jack's New England Clam Chowder,2008,Seafood
10893,$40.00 ,30.00,0,2/20/2008,Germany,Northwoods Cranberry Sauce,2008,Condiments
10893,$123.79 ,24.00,0,2/20/2008,Germany,Thüringer Rostbratwurst,2008,Meat/Poultry
10893,$25.89 ,35.00,0,2/20/2008,Germany,Nord-Ost Matjeshering,2008,Seafood
10893,$19.00 ,20.00,0,2/20/2008,Germany,Inlagd Sill,2008,Seafood
10904,$13.25 ,15.00,0,2/27/2008,USA,Escargots de Bourgogne,2008,Seafood
10423,$10.00 ,14.00,0,2/24/2007,Brazil,Gorgonzola Telino,2007,Dairy Products
10423,$44.00 ,20.00,0,2/24/2007,Brazil,Raclette Courdavault,2007,Dairy Products
10428,$9.60 ,20.00,0,2/4/2007,Italy,Spegesild,2007,Seafood
10432,$5.90 ,40.00,0,2/7/2007,USA,Tourtière,2007,Meat/Poultry
10436,$9.60 ,5.00,0,2/11/2007,France,Spegesild,2007,Seafood
10439,$30.40 ,15.00,0,2/10/2007,Canada,Queso Manchego La Pastora,2007,Dairy Products
10449,$24.80 ,14.00,0,2/27/2007,France,Ikura,2007,Seafood
10459,$27.80 ,40.00,0,2/28/2007,France,Mozzarella di Giovanni,2007,Dairy Products
11022,$36.00 ,30.00,0,5/4/2008,Brazil,Gudbrandsdalsost,2008,Dairy Products
11042,$19.45 ,15.00,0,5/1/2008,Brazil,Gula Malacca,2008,Condiments
11042,$28.50 ,4.00,0,5/1/2008,Brazil,Sirop d'érable,2008,Condiments
11045,$2.50 ,15.00,0,,Canada,Geitost,,Dairy Products
11058,$34.00 ,21.00,0,,Germany,Camembert Pierrot,,Dairy Products
11058,$28.50 ,4.00,0,,Germany,Sirop d'érable,,Condiments
11059,$6.00 ,30.00,0,,Brazil,Konbu,,Seafood
11059,$39.00 ,12.00,0,,Brazil,Alice Mutton,,Meat/Poultry
11059,$34.00 ,35.00,0,,Brazil,Camembert Pierrot,,Dairy Products
11060,$34.00 ,4.00,0,5/4/2008,Italy,Camembert Pierrot,2008,Dairy Products
11060,$13.00 ,10.00,0,5/4/2008,Italy,Original Frankfurter grüne Soße,2008,Condiments
11061,$34.00 ,15.00,0,,USA,Camembert Pierrot,,Dairy Products
11064,$9.65 ,12.00,0,5/4/2008,USA,Jack's New England Clam Chowder,2008,Seafood
11067,$9.65 ,9.00,0,5/6/2008,Germany,Jack's New England Clam Chowder,2008,Seafood
11070,$12.50 ,20.00,0,,Germany,Gorgonzola Telino,,Dairy Products
11077,$10.00 ,4.00,0,,USA,Aniseed Syrup,,Condiments
11077,$22.00 ,1.00,0,,USA,Chef Anton's Cajun Seasoning,,Condiments
11077,$31.00 ,1.00,0,,USA,Ikura,,Seafood
11077,$6.00 ,4.00,0,,USA,Konbu,,Seafood
11077,$32.00 ,1.00,0,,USA,Mascarpone Fabioli,,Dairy Products
11077,$9.65 ,3.00,0,,USA,Jack's New England Clam Chowder,,Seafood
11077,$24.00 ,2.00,0,,USA,Pâté chinois,,Meat/Poultry
11077,$17.00 ,1.00,0,,USA,Louisiana Hot Spiced Okra,,Condiments
11077,$13.00 ,2.00,0,,USA,Original Frankfurter grüne Soße,,Condiments
10248,$14.00 ,12.00,0,7/16/2006,France,Queso Cabrales,2006,Dairy Products
10248,$34.80 ,5.00,0,7/16/2006,France,Mozzarella di Giovanni,2006,Dairy Products
10250,$7.70 ,10.00,0,7/12/2006,Brazil,Jack's New England Clam Chowder,2006,Seafood
10251,$16.80 ,20.00,0,7/15/2006,France,Louisiana Fiery Hot Pepper Sauce,2006,Condiments
10253,$10.00 ,20.00,0,7/16/2006,Brazil,Gorgonzola Telino,2006,Dairy Products
10256,$26.20 ,15.00,0,7/17/2006,Brazil,Perth Pasties,2006,Meat/Poultry
10256,$10.40 ,12.00,0,7/17/2006,Brazil,Original Frankfurter grüne Soße,2006,Condiments
10265,$31.20 ,30.00,0,8/12/2006,France,Alice Mutton,2006,Meat/Poultry
10267,$14.70 ,50.00,0,8/6/2006,Germany,Boston Crab Meat,2006,Seafood
10271,$2.00 ,24.00,0,8/30/2006,USA,Geitost,2006,Dairy Products
10272,$10.00 ,40.00,0,8/6/2006,USA,Gorgonzola Telino,2006,Dairy Products
10272,$27.80 ,24.00,0,8/6/2006,USA,Mozzarella di Giovanni,2006,Dairy Products
10273,$2.00 ,20.00,0,8/12/2006,Germany,Geitost,2006,Dairy Products
10274,$17.20 ,20.00,0,8/16/2006,France,Fløtemysost,2006,Dairy Products
10274,$27.80 ,7.00,0,8/16/2006,France,Mozzarella di Giovanni,2006,Dairy Products
10284,$15.50 ,21.00,0,8/27/2006,Germany,Gula Malacca,2006,Condiments
10290,$17.00 ,20.00,0,9/3/2006,Brazil,Chef Anton's Gumbo Mix,2006,Condiments
10290,$99.00 ,15.00,0,9/3/2006,Brazil,Thüringer Rostbratwurst,2006,Meat/Poultry
10290,$10.40 ,10.00,0,9/3/2006,Brazil,Original Frankfurter grüne Soße,2006,Condiments
10294,$31.20 ,15.00,0,9/5/2006,USA,Alice Mutton,2006,Meat/Poultry
10294,$27.20 ,21.00,0,9/5/2006,USA,Camembert Pierrot,2006,Dairy Products
10297,$27.80 ,20.00,0,9/10/2006,France,Mozzarella di Giovanni,2006,Dairy Products
10300,$13.60 ,30.00,0,9/18/2006,Italy,Louisiana Hot Spiced Okra,2006,Condiments
10301,$14.70 ,10.00,0,9/17/2006,Germany,Boston Crab Meat,2006,Seafood
10311,$28.80 ,7.00,0,9/26/2006,France,Gudbrandsdalsost,2006,Dairy Products
10312,$26.20 ,20.00,0,10/3/2006,Germany,Perth Pasties,2006,Meat/Poultry
10313,$15.20 ,12.00,0,10/4/2006,Germany,Inlagd Sill,2006,Seafood
10316,$7.70 ,10.00,0,10/8/2006,USA,Jack's New England Clam Chowder,2006,Seafood
10323,$12.40 ,5.00,0,10/14/2006,Germany,Genen Shouyu,2006,Condiments
10324,$9.60 ,30.00,0,10/10/2006,USA,Spegesild,2006,Seafood
10325,$20.00 ,6.00,0,10/14/2006,Germany,Grandma's Boysenberry Spread,2006,Condiments
10325,$4.80 ,12.00,0,10/14/2006,Germany,Konbu,2006,Seafood
10325,$10.00 ,4.00,0,10/14/2006,Germany,Gorgonzola Telino,2006,Dairy Products
10325,$27.80 ,40.00,0,10/14/2006,Germany,Mozzarella di Giovanni,2006,Dairy Products
10331,$5.90 ,15.00,0,10/21/2006,France,Tourtière,2006,Meat/Poultry
10337,$15.20 ,20.00,0,10/29/2006,Germany,Inlagd Sill,2006,Seafood
10337,$20.80 ,28.00,0,10/29/2006,Germany,Gravad lax,2006,Seafood
10337,$27.80 ,25.00,0,10/29/2006,Germany,Mozzarella di Giovanni,2006,Dairy Products
10338,$31.20 ,20.00,0,10/29/2006,USA,Alice Mutton,2006,Meat/Poultry
10338,$20.70 ,15.00,0,10/29/2006,USA,Nord-Ost Matjeshering,2006,Seafood
10339,$17.60 ,10.00,0,11/4/2006,Canada,Chef Anton's Cajun Seasoning,2006,Condiments
10341,$2.00 ,8.00,0,11/5/2006,Denmark,Geitost,2006,Dairy Products
10344,$17.60 ,35.00,0,11/5/2006,USA,Chef Anton's Cajun Seasoning,2006,Condiments
10345,$32.00 ,70.00,0,11/11/2006,Germany,Northwoods Cranberry Sauce,2006,Condiments
10347,$14.70 ,4.00,0,11/8/2006,Brazil,Boston Crab Meat,2006,Seafood
10349,$5.90 ,24.00,0,11/15/2006,USA,Tourtière,2006,Meat/Poultry
10356,$10.00 ,30.00,0,11/27/2006,Germany,Gorgonzola Telino,2006,Dairy Products
10356,$19.20 ,12.00,0,11/27/2006,Germany,Pâté chinois,2006,Meat/Poultry
10356,$28.80 ,20.00,0,11/27/2006,Germany,Gudbrandsdalsost,2006,Dairy Products
10360,$99.00 ,35.00,0,12/2/2006,France,Thüringer Rostbratwurst,2006,Meat/Poultry
10360,$5.90 ,28.00,0,12/2/2006,France,Tourtière,2006,Meat/Poultry
10362,$5.90 ,24.00,0,11/28/2006,France,Tourtière,2006,Meat/Poultry
10363,$10.00 ,20.00,0,12/4/2006,Germany,Gorgonzola Telino,2006,Dairy Products
10367,$5.90 ,18.00,0,12/2/2006,Denmark,Tourtière,2006,Meat/Poultry
10367,$16.80 ,15.00,0,12/2/2006,Denmark,Louisiana Fiery Hot Pepper Sauce,2006,Condiments
10367,$10.40 ,7.00,0,12/2/2006,Denmark,Original Frankfurter grüne Soße,2006,Condiments
10369,$99.00 ,20.00,0,12/9/2006,USA,Thüringer Rostbratwurst,2006,Meat/Poultry
10375,$5.90 ,10.00,0,12/9/2006,USA,Tourtière,2006,Meat/Poultry
10389,$24.80 ,16.00,0,12/24/2006,Canada,Ikura,2006,Seafood
10389,$19.20 ,15.00,0,12/24/2006,Canada,Pâté chinois,2006,Meat/Poultry
10391,$4.80 ,18.00,0,12/31/2006,Germany,Konbu,2006,Seafood
10971,$123.79 ,14.00,0,4/2/2008,France,Thüringer Rostbratwurst,2008,Meat/Poultry
10974,$43.90 ,10.00,0,4/3/2008,USA,Vegie-spread,2008,Condiments
10984,$19.00 ,40.00,0,4/3/2008,USA,Inlagd Sill,2008,Seafood
10989,$25.00 ,40.00,0,4/2/2008,Brazil,Grandma's Boysenberry Spread,2008,Condiments
10989,$21.00 ,15.00,0,4/2/2008,Brazil,Queso Cabrales,2008,Dairy Products
10989,$9.65 ,4.00,0,4/2/2008,Brazil,Jack's New England Clam Chowder,2008,Seafood
10992,$34.80 ,2.00,0,4/3/2008,USA,Mozzarella di Giovanni,2008,Dairy Products
11000,$13.00 ,30.00,0,4/14/2008,USA,Original Frankfurter grüne Soße,2008,Condiments
11002,$6.00 ,56.00,0,4/16/2008,USA,Konbu,2008,Seafood
11002,$24.00 ,40.00,0,4/16/2008,USA,Pâté chinois,2008,Meat/Poultry
11003,$18.40 ,10.00,0,4/8/2008,USA,Boston Crab Meat,2008,Seafood
11011,$21.50 ,20.00,0,4/13/2008,Germany,Fløtemysost,2008,Dairy Products
11018,$38.00 ,20.00,0,4/16/2008,USA,Queso Manchego La Pastora,2008,Dairy Products
11018,$62.50 ,10.00,0,4/16/2008,USA,Carnarvon Tigers,2008,Seafood
11021,$34.80 ,35.00,0,4/21/2008,Germany,Mozzarella di Giovanni,2008,Dairy Products
11026,$62.50 ,8.00,0,4/28/2008,Italy,Carnarvon Tigers,2008,Seafood
11028,$24.00 ,35.00,0,4/22/2008,Germany,Pâté chinois,2008,Meat/Poultry
11028,$55.00 ,24.00,0,4/22/2008,Germany,Raclette Courdavault,2008,Dairy Products
11030,$21.35 ,70.00,0,4/27/2008,USA,Chef Anton's Gumbo Mix,2008,Condiments
11031,$6.00 ,80.00,0,4/24/2008,USA,Konbu,2008,Seafood
11031,$21.50 ,16.00,0,4/24/2008,USA,Fløtemysost,2008,Dairy Products
11032,$19.00 ,35.00,0,4/23/2008,USA,Inlagd Sill,2008,Seafood
11032,$55.00 ,30.00,0,4/23/2008,USA,Raclette Courdavault,2008,Dairy Products
11034,$19.45 ,12.00,0,4/27/2008,USA,Gula Malacca,2008,Condiments
11034,$28.50 ,6.00,0,4/27/2008,USA,Sirop d'érable,2008,Condiments
11036,$6.00 ,7.00,0,4/22/2008,Germany,Konbu,2008,Seafood
11036,$55.00 ,30.00,0,4/22/2008,Germany,Raclette Courdavault,2008,Dairy Products
11043,$21.00 ,10.00,0,4/29/2008,France,Queso Cabrales,2008,Dairy Products
10579,$15.50 ,10.00,0,7/4/2007,USA,Genen Shouyu,2007,Condiments
10587,$13.00 ,20.00,0,7/9/2007,Brazil,Original Frankfurter grüne Soße,2007,Condiments
10591,$10.00 ,14.00,0,7/16/2007,Denmark,Aniseed Syrup,2007,Condiments
10591,$7.45 ,50.00,0,7/16/2007,Denmark,Tourtière,2007,Meat/Poultry
10594,$13.25 ,30.00,0,7/16/2007,USA,Escargots de Bourgogne,2007,Seafood
10598,$21.50 ,9.00,0,7/18/2007,USA,Fløtemysost,2007,Dairy Products
10600,$7.45 ,4.00,0,7/21/2007,USA,Tourtière,2007,Meat/Poultry
10600,$15.00 ,30.00,0,7/21/2007,USA,Röd Kaviar,2007,Seafood
10607,$39.00 ,100.00,0,7/25/2007,USA,Alice Mutton,2007,Meat/Poultry
10607,$2.50 ,14.00,0,7/25/2007,USA,Geitost,2007,Dairy Products
10607,$18.40 ,42.00,0,7/25/2007,USA,Boston Crab Meat,2007,Seafood
10607,$34.80 ,12.00,0,7/25/2007,USA,Mozzarella di Giovanni,2007,Dairy Products
10609,$31.00 ,10.00,0,7/30/2007,France,Ikura,2007,Seafood
10612,$31.00 ,70.00,0,8/1/2007,USA,Ikura,2007,Seafood
10612,$19.00 ,55.00,0,8/1/2007,USA,Inlagd Sill,2007,Seafood
10612,$34.00 ,40.00,0,8/1/2007,USA,Camembert Pierrot,2007,Dairy Products
10614,$21.00 ,14.00,0,8/1/2007,Germany,Queso Cabrales,2007,Dairy Products
10618,$25.00 ,70.00,0,8/8/2007,Canada,Grandma's Boysenberry Spread,2007,Condiments
10624,$123.79 ,6.00,0,8/19/2007,USA,Thüringer Rostbratwurst,2007,Meat/Poultry
10624,$19.45 ,10.00,0,8/19/2007,USA,Gula Malacca,2007,Condiments
10634,$62.50 ,50.00,0,8/21/2007,France,Carnarvon Tigers,2007,Seafood
10637,$21.00 ,10.00,0,8/26/2007,Brazil,Queso Cabrales,2007,Dairy Products
10643,$39.00 ,10.00,0,9/2/2007,Germany,Alice Mutton,2007,Meat/Poultry
10645,$62.50 ,20.00,0,9/2/2007,Brazil,Carnarvon Tigers,2007,Seafood
10645,$19.00 ,15.00,0,9/2/2007,Brazil,Inlagd Sill,2007,Seafood
10650,$25.89 ,30.00,0,9/3/2007,Brazil,Nord-Ost Matjeshering,2007,Seafood
10650,$7.45 ,30.00,0,9/3/2007,Brazil,Tourtière,2007,Meat/Poultry
10657,$15.50 ,50.00,0,9/15/2007,USA,Genen Shouyu,2007,Condiments
10657,$9.65 ,24.00,0,9/15/2007,USA,Jack's New England Clam Chowder,2007,Seafood
10657,$12.00 ,45.00,0,9/15/2007,USA,Spegesild,2007,Seafood
10657,$34.00 ,30.00,0,9/15/2007,USA,Camembert Pierrot,2007,Dairy Products
10665,$55.00 ,1.00,0,9/17/2007,USA,Raclette Courdavault,2007,Dairy Products
10669,$19.00 ,30.00,0,9/22/2007,Denmark,Inlagd Sill,2007,Seafood
10670,$12.00 ,60.00,0,9/18/2007,Germany,Spegesild,2007,Seafood
10670,$15.00 ,50.00,0,9/18/2007,Germany,Röd Kaviar,2007,Seafood
10671,$21.05 ,12.00,0,9/24/2007,France,Louisiana Fiery Hot Pepper Sauce,2007,Condiments
10675,$32.80 ,10.00,0,9/23/2007,Germany,Perth Pasties,2007,Meat/Poultry
10675,$13.25 ,30.00,0,9/23/2007,Germany,Escargots de Bourgogne,2007,Seafood
10679,$55.00 ,12.00,0,9/30/2007,France,Raclette Courdavault,2007,Dairy Products
10684,$18.40 ,20.00,0,9/30/2007,Germany,Boston Crab Meat,2007,Seafood
10684,$34.00 ,30.00,0,9/30/2007,Germany,Camembert Pierrot,2007,Dairy Products
10482,$14.70 ,10.00,0,4/10/2007,USA,Boston Crab Meat,2007,Seafood
10488,$44.00 ,30.00,0,4/2/2007,Germany,Raclette Courdavault,2007,Dairy Products
10495,$7.70 ,20.00,0,4/11/2007,Canada,Jack's New England Clam Chowder,2007,Seafood
10495,$10.40 ,5.00,0,4/11/2007,Canada,Original Frankfurter grüne Soße,2007,Condiments
10497,$27.80 ,25.00,0,4/7/2007,Germany,Mozzarella di Giovanni,2007,Dairy Products
10497,$10.40 ,25.00,0,4/7/2007,Germany,Original Frankfurter grüne Soße,2007,Condiments
10501,$7.45 ,20.00,0,4/16/2007,Germany,Tourtière,2007,Meat/Poultry
10504,$32.80 ,10.00,0,4/18/2007,USA,Perth Pasties,2007,Meat/Poultry
10504,$28.50 ,25.00,0,4/18/2007,USA,Sirop d'érable,2007,Condiments
10508,$6.00 ,10.00,0,5/13/2007,Germany,Konbu,2007,Seafood
10510,$123.79 ,36.00,0,4/28/2007,USA,Thüringer Rostbratwurst,2007,Meat/Poultry
10522,$40.00 ,24.00,0,5/6/2007,Germany,Northwoods Cranberry Sauce,2007,Condiments
10525,$19.00 ,30.00,0,5/23/2007,France,Inlagd Sill,2007,Seafood
10528,$21.00 ,3.00,0,5/9/2007,USA,Queso Cabrales,2007,Dairy Products
10528,$34.80 ,9.00,0,5/9/2007,USA,Mozzarella di Giovanni,2007,Dairy Products
10534,$25.89 ,10.00,0,5/14/2007,Germany,Nord-Ost Matjeshering,2007,Seafood
10536,$12.50 ,20.00,0,6/6/2007,Germany,Gorgonzola Telino,2007,Dairy Products
10536,$2.50 ,30.00,0,6/6/2007,Germany,Geitost,2007,Dairy Products
10540,$10.00 ,60.00,0,6/13/2007,Germany,Aniseed Syrup,2007,Condiments
10545,$21.00 ,10.00,0,6/26/2007,USA,Queso Cabrales,2007,Dairy Products
10548,$9.65 ,14.00,0,6/2/2007,Germany,Jack's New England Clam Chowder,2007,Seafood
10556,$34.80 ,24.00,0,6/13/2007,Denmark,Mozzarella di Giovanni,2007,Dairy Products
10560,$25.89 ,20.00,0,6/9/2007,Germany,Nord-Ost Matjeshering,2007,Seafood
10563,$19.00 ,25.00,0,6/24/2007,Brazil,Inlagd Sill,2007,Seafood
10574,$2.50 ,14.00,0,6/30/2007,USA,Geitost,2007,Dairy Products
10574,$18.40 ,2.00,0,6/30/2007,USA,Boston Crab Meat,2007,Seafood
10575,$55.00 ,12.00,0,6/30/2007,Germany,Raclette Courdavault,2007,Dairy Products
10575,$43.90 ,6.00,0,6/30/2007,Germany,Vegie-spread,2007,Condiments
10575,$34.80 ,30.00,0,6/30/2007,Germany,Mozzarella di Giovanni,2007,Dairy Products
10577,$13.00 ,18.00,0,6/30/2007,USA,Original Frankfurter grüne Soße,2007,Condiments
10678,$38.00 ,100.00,0,10/16/2007,USA,Queso Manchego La Pastora,2007,Dairy Products
10678,$2.50 ,30.00,0,10/16/2007,USA,Geitost,2007,Dairy Products
10678,$9.65 ,120.00,0,10/16/2007,USA,Jack's New England Clam Chowder,2007,Seafood
10678,$7.45 ,30.00,0,10/16/2007,USA,Tourtière,2007,Meat/Poultry
10685,$31.00 ,20.00,0,10/3/2007,Brazil,Ikura,2007,Seafood
10685,$9.65 ,4.00,0,10/3/2007,Brazil,Jack's New England Clam Chowder,2007,Seafood
10691,$123.79 ,40.00,0,10/22/2007,Germany,Thüringer Rostbratwurst,2007,Meat/Poultry
10691,$19.45 ,24.00,0,10/22/2007,Germany,Gula Malacca,2007,Condiments
10692,$43.90 ,20.00,0,10/13/2007,Germany,Vegie-spread,2007,Condiments
10693,$97.00 ,6.00,0,10/10/2007,USA,Mishi Kobe Niku,2007,Meat/Poultry
10694,$55.00 ,25.00,0,10/9/2007,Germany,Raclette Courdavault,2007,Dairy Products
10696,$39.00 ,20.00,0,10/14/2007,USA,Alice Mutton,2007,Meat/Poultry
10696,$12.00 ,18.00,0,10/14/2007,USA,Spegesild,2007,Seafood
10702,$10.00 ,6.00,0,10/21/2007,Germany,Aniseed Syrup,2007,Condiments
10706,$55.00 ,8.00,0,10/21/2007,USA,Raclette Courdavault,2007,Dairy Products
10711,$9.65 ,42.00,0,10/29/2007,USA,Jack's New England Clam Chowder,2007,Seafood
10711,$32.80 ,120.00,0,10/29/2007,USA,Perth Pasties,2007,Meat/Poultry
10713,$31.00 ,18.00,0,10/24/2007,USA,Ikura,2007,Seafood
10713,$9.50 ,110.00,0,10/24/2007,USA,Røgede sild,2007,Seafood
10713,$12.00 ,24.00,0,10/24/2007,USA,Spegesild,2007,Seafood
10715,$31.00 ,21.00,0,10/29/2007,France,Ikura,2007,Seafood
10715,$21.50 ,30.00,0,10/29/2007,France,Fløtemysost,2007,Dairy Products
10717,$7.45 ,15.00,0,10/29/2007,Germany,Tourtière,2007,Meat/Poultry
10718,$38.00 ,36.00,0,10/29/2007,Germany,Queso Manchego La Pastora,2007,Dairy Products
10718,$19.00 ,40.00,0,10/29/2007,Germany,Inlagd Sill,2007,Seafood
10757,$55.00 ,7.00,0,12/15/2007,USA,Raclette Courdavault,2007,Dairy Products
10769,$28.50 ,20.00,0,12/12/2007,Denmark,Sirop d'érable,2007,Condiments
10772,$123.79 ,18.00,0,12/19/2007,Germany,Thüringer Rostbratwurst,2007,Meat/Poultry
10772,$55.00 ,25.00,0,12/19/2007,Germany,Raclette Courdavault,2007,Dairy Products
10775,$31.00 ,6.00,0,12/26/2007,USA,Ikura,2007,Seafood
10783,$12.50 ,10.00,0,12/19/2007,Brazil,Gorgonzola Telino,2007,Dairy Products
10784,$19.00 ,30.00,0,12/22/2007,Italy,Inlagd Sill,2007,Seafood
10789,$62.50 ,30.00,0,12/31/2007,France,Carnarvon Tigers,2007,Seafood
10789,$43.90 ,30.00,0,12/31/2007,France,Vegie-spread,2007,Condiments
10704,$22.00 ,6.00,0,11/7/2007,Brazil,Chef Anton's Cajun Seasoning,2007,Condiments
10708,$21.35 ,4.00,0,11/5/2007,USA,Chef Anton's Gumbo Mix,2007,Condiments
10708,$19.00 ,5.00,0,11/5/2007,USA,Inlagd Sill,2007,Seafood
10709,$40.00 ,40.00,0,11/20/2007,Brazil,Northwoods Cranberry Sauce,2007,Condiments
10709,$34.00 ,10.00,0,11/20/2007,Brazil,Camembert Pierrot,2007,Dairy Products
10720,$21.50 ,8.00,0,11/5/2007,Brazil,Fløtemysost,2007,Dairy Products
10722,$12.50 ,50.00,0,11/4/2007,USA,Gorgonzola Telino,2007,Dairy Products
10724,$31.00 ,16.00,0,11/5/2007,Canada,Ikura,2007,Seafood
10724,$28.50 ,5.00,0,11/5/2007,Canada,Sirop d'érable,2007,Condiments
10725,$9.65 ,12.00,0,11/5/2007,Brazil,Jack's New England Clam Chowder,2007,Seafood
10725,$24.00 ,6.00,0,11/5/2007,Brazil,Pâté chinois,2007,Meat/Poultry
10728,$25.89 ,15.00,0,11/11/2007,Brazil,Nord-Ost Matjeshering,2007,Seafood
10728,$18.40 ,6.00,0,11/11/2007,Brazil,Boston Crab Meat,2007,Seafood
10728,$24.00 ,12.00,0,11/11/2007,Brazil,Pâté chinois,2007,Meat/Poultry
10728,$34.00 ,15.00,0,11/11/2007,Brazil,Camembert Pierrot,2007,Dairy Products
10734,$25.00 ,30.00,0,11/12/2007,Brazil,Grandma's Boysenberry Spread,2007,Condiments
10734,$25.89 ,15.00,0,11/12/2007,Brazil,Nord-Ost Matjeshering,2007,Seafood
10737,$6.00 ,4.00,0,11/18/2007,France,Konbu,2007,Seafood
10737,$9.65 ,12.00,0,11/18/2007,France,Jack's New England Clam Chowder,2007,Seafood
10739,$19.00 ,6.00,0,11/17/2007,France,Inlagd Sill,2007,Seafood
10742,$10.00 ,20.00,0,11/18/2007,Canada,Aniseed Syrup,2007,Condiments
10742,$34.00 ,50.00,0,11/18/2007,Canada,Camembert Pierrot,2007,Dairy Products
10742,$34.80 ,35.00,0,11/18/2007,Canada,Mozzarella di Giovanni,2007,Dairy Products
10745,$62.50 ,24.00,0,11/27/2007,Germany,Carnarvon Tigers,2007,Seafood
10745,$19.45 ,16.00,0,11/27/2007,Germany,Gula Malacca,2007,Condiments
10745,$55.00 ,45.00,0,11/27/2007,Germany,Raclette Courdavault,2007,Dairy Products
10745,$34.80 ,7.00,0,11/27/2007,Germany,Mozzarella di Giovanni,2007,Dairy Products
10748,$18.40 ,40.00,0,11/28/2007,USA,Boston Crab Meat,2007,Seafood
10753,$9.50 ,4.00,0,11/27/2007,Italy,Røgede sild,2007,Seafood
10754,$18.40 ,3.00,0,11/27/2007,Italy,Boston Crab Meat,2007,Seafood
10398,$19.20 ,120.00,0.100000001,1/9/2007,USA,Pâté chinois,2007,Meat/Poultry
10406,$15.20 ,5.00,0.100000001,1/13/2007,Brazil,Inlagd Sill,2007,Seafood
10406,$14.70 ,2.00,0.100000001,1/13/2007,Brazil,Boston Crab Meat,2007,Seafood
10420,$77.60 ,20.00,0.100000001,1/27/2007,Brazil,Mishi Kobe Niku,2007,Meat/Poultry
10420,$4.80 ,2.00,0.100000001,1/27/2007,Brazil,Konbu,2007,Seafood
10420,$12.00 ,20.00,0.100000001,1/27/2007,Brazil,Röd Kaviar,2007,Seafood
10446,$10.00 ,3.00,0.100000001,2/19/2007,Germany,Gorgonzola Telino,2007,Dairy Products
10451,$19.20 ,120.00,0.100000001,3/12/2007,Germany,Pâté chinois,2007,Meat/Poultry
10451,$16.80 ,28.00,0.100000001,3/12/2007,Germany,Louisiana Fiery Hot Pepper Sauce,2007,Condiments
10451,$10.40 ,55.00,0.100000001,3/12/2007,Germany,Original Frankfurter grüne Soße,2007,Condiments
10465,$99.00 ,18.00,0.100000001,3/14/2007,Denmark,Thüringer Rostbratwurst,2007,Meat/Poultry
10465,$7.60 ,30.00,0.100000001,3/14/2007,Denmark,Røgede sild,2007,Seafood
10493,$16.80 ,15.00,0.100000001,4/10/2007,France,Louisiana Fiery Hot Pepper Sauce,2007,Condiments
10493,$13.60 ,10.00,0.100000001,4/10/2007,France,Louisiana Hot Spiced Okra,2007,Condiments
10493,$28.80 ,10.00,0.100000001,4/10/2007,France,Gudbrandsdalsost,2007,Dairy Products
10525,$18.40 ,15.00,0.100000001,5/23/2007,France,Boston Crab Meat,2007,Seafood
10527,$22.00 ,50.00,0.100000001,5/7/2007,Germany,Chef Anton's Cajun Seasoning,2007,Condiments
10527,$19.00 ,30.00,0.100000001,5/7/2007,Germany,Inlagd Sill,2007,Seafood
10541,$21.05 ,36.00,0.100000001,5/29/2007,Brazil,Louisiana Fiery Hot Pepper Sauce,2007,Condiments
10541,$21.50 ,9.00,0.100000001,5/29/2007,Brazil,Fløtemysost,2007,Dairy Products
10562,$2.50 ,20.00,0.100000001,6/12/2007,Italy,Geitost,2007,Dairy Products
10635,$22.00 ,10.00,0.100000001,8/21/2007,Italy,Chef Anton's Cajun Seasoning,2007,Condiments
10635,$21.35 ,15.00,0.100000001,8/21/2007,Italy,Chef Anton's Gumbo Mix,2007,Condiments
10644,$62.50 ,4.00,0.100000001,9/1/2007,Brazil,Carnarvon Tigers,2007,Seafood
10644,$12.00 ,21.00,0.100000001,9/1/2007,Brazil,Spegesild,2007,Seafood
10653,$34.00 ,20.00,0.100000001,9/19/2007,Germany,Camembert Pierrot,2007,Dairy Products
10656,$19.45 ,28.00,0.100000001,9/10/2007,USA,Gula Malacca,2007,Condiments
10668,$12.50 ,8.00,0.100000001,9/23/2007,Germany,Gorgonzola Telino,2007,Dairy Products
10668,$24.00 ,4.00,0.100000001,9/23/2007,Germany,Pâté chinois,2007,Meat/Poultry
10688,$31.00 ,18.00,0.100000001,10/7/2007,Denmark,Ikura,2007,Seafood
10735,$28.50 ,20.00,0.100000001,11/21/2007,USA,Sirop d'érable,2007,Condiments
10735,$13.00 ,2.00,0.100000001,11/21/2007,USA,Original Frankfurter grüne Soße,2007,Condiments
10765,$21.05 ,80.00,0.100000001,12/9/2007,Germany,Louisiana Fiery Hot Pepper Sauce,2007,Condiments
10452,$15.50 ,100.00,0.050000001,2/26/2007,USA,Gula Malacca,2007,Condiments
10459,$9.60 ,20.00,0.050000001,2/28/2007,France,Spegesild,2007,Seafood
10478,$24.80 ,20.00,0.050000001,3/26/2007,France,Ikura,2007,Seafood
10483,$10.40 ,30.00,0.050000001,4/25/2007,USA,Original Frankfurter grüne Soße,2007,Condiments
10496,$10.00 ,20.00,0.050000001,4/7/2007,Brazil,Gorgonzola Telino,2007,Dairy Products
10500,$15.50 ,12.00,0.050000001,4/17/2007,France,Genen Shouyu,2007,Condiments
10542,$21.00 ,15.00,0.050000001,5/26/2007,Germany,Queso Cabrales,2007,Dairy Products
10542,$7.45 ,24.00,0.050000001,5/26/2007,Germany,Tourtière,2007,Meat/Poultry
10554,$13.00 ,10.00,0.050000001,6/5/2007,Germany,Original Frankfurter grüne Soße,2007,Condiments
10559,$9.65 ,12.00,0.050000001,6/13/2007,France,Jack's New England Clam Chowder,2007,Seafood
10559,$24.00 ,18.00,0.050000001,6/13/2007,France,Pâté chinois,2007,Meat/Poultry
10564,$39.00 ,16.00,0.050000001,6/16/2007,USA,Alice Mutton,2007,Meat/Poultry
10564,$12.50 ,6.00,0.050000001,6/16/2007,USA,Gorgonzola Telino,2007,Dairy Products
10564,$24.00 ,25.00,0.050000001,6/16/2007,USA,Pâté chinois,2007,Meat/Poultry
10570,$21.00 ,15.00,0.050000001,6/19/2007,Canada,Queso Cabrales,2007,Dairy Products
10580,$9.65 ,9.00,0.050000001,7/1/2007,Germany,Jack's New England Clam Chowder,2007,Seafood
10580,$21.05 ,30.00,0.050000001,7/1/2007,Germany,Louisiana Fiery Hot Pepper Sauce,2007,Condiments
10584,$12.50 ,50.00,0.050000001,7/4/2007,France,Gorgonzola Telino,2007,Dairy Products
10590,$13.00 ,60.00,0.050000001,7/14/2007,Canada,Original Frankfurter grüne Soße,2007,Condiments
10592,$15.50 ,25.00,0.050000001,7/16/2007,Germany,Genen Shouyu,2007,Condiments
10605,$55.00 ,20.00,0.050000001,7/29/2007,Canada,Raclette Courdavault,2007,Dairy Products
10605,$34.00 ,70.00,0.050000001,7/29/2007,Canada,Camembert Pierrot,2007,Dairy Products
10605,$21.50 ,15.00,0.050000001,7/29/2007,Canada,Fløtemysost,2007,Dairy Products
10616,$21.50 ,15.00,0.050000001,8/5/2007,USA,Fløtemysost,2007,Dairy Products
10630,$24.00 ,12.00,0.050000001,8/19/2007,Germany,Pâté chinois,2007,Meat/Poultry
10632,$2.50 ,20.00,0.050000001,8/19/2007,Germany,Geitost,2007,Dairy Products
10650,$32.80 ,25.00,0.050000001,9/3/2007,Brazil,Perth Pasties,2007,Meat/Poultry
10658,$18.40 ,70.00,0.050000001,9/8/2007,Germany,Boston Crab Meat,2007,Seafood
10658,$34.00 ,55.00,0.050000001,9/8/2007,Germany,Camembert Pierrot,2007,Dairy Products
10658,$13.00 ,70.00,0.050000001,9/8/2007,Germany,Original Frankfurter grüne Soße,2007,Condiments
10659,$12.50 ,20.00,0.050000001,9/10/2007,Brazil,Gorgonzola Telino,2007,Dairy Products
10659,$18.40 ,24.00,0.050000001,9/10/2007,Brazil,Boston Crab Meat,2007,Seafood
10663,$18.40 ,30.00,0.050000001,10/3/2007,France,Boston Crab Meat,2007,Seafood
10717,$36.00 ,25.00,0.050000001,10/29/2007,Germany,Gudbrandsdalsost,2007,Dairy Products
10721,$19.45 ,50.00,0.050000001,10/31/2007,Germany,Gula Malacca,2007,Condiments
10727,$39.00 ,20.00,0.050000001,12/5/2007,Italy,Alice Mutton,2007,Meat/Poultry
10727,$55.00 ,10.00,0.050000001,12/5/2007,Italy,Raclette Courdavault,2007,Dairy Products
10730,$12.50 ,3.00,0.050000001,11/14/2007,France,Gorgonzola Telino,2007,Dairy Products
10730,$21.05 ,10.00,0.050000001,11/14/2007,France,Louisiana Fiery Hot Pepper Sauce,2007,Condiments
10769,$9.65 ,30.00,0.050000001,12/12/2007,Denmark,Jack's New England Clam Chowder,2007,Seafood
10787,$123.79 ,20.00,0.050000001,12/26/2007,France,Thüringer Rostbratwurst,2007,Meat/Poultry
10411,$7.70 ,25.00,0.200000003,1/21/2007,Canada,Jack's New England Clam Chowder,2007,Seafood
10411,$15.50 ,40.00,0.200000003,1/21/2007,Canada,Gula Malacca,2007,Condiments
10411,$44.00 ,9.00,0.200000003,1/21/2007,Canada,Raclette Courdavault,2007,Dairy Products
10443,$16.80 ,6.00,0.200000003,2/14/2007,Italy,Queso Cabrales,2007,Dairy Products
10450,$24.80 ,20.00,0.200000003,3/11/2007,France,Ikura,2007,Seafood
10450,$5.90 ,6.00,0.200000003,3/11/2007,France,Tourtière,2007,Meat/Poultry
10454,$2.00 ,20.00,0.200000003,2/25/2007,France,Geitost,2007,Dairy Products
10454,$9.60 ,10.00,0.200000003,2/25/2007,France,Spegesild,2007,Seafood
10488,$12.00 ,20.00,0.200000003,4/2/2007,Germany,Röd Kaviar,2007,Seafood
10513,$32.00 ,50.00,0.200000003,4/28/2007,Germany,Mascarpone Fabioli,2007,Dairy Products
10513,$28.50 ,15.00,0.200000003,4/28/2007,Germany,Sirop d'érable,2007,Condiments
10522,$25.89 ,20.00,0.200000003,5/6/2007,Germany,Nord-Ost Matjeshering,2007,Seafood
10522,$18.40 ,25.00,0.200000003,5/6/2007,Germany,Boston Crab Meat,2007,Seafood
10528,$2.50 ,8.00,0.200000003,5/9/2007,USA,Geitost,2007,Dairy Products
10534,$18.40 ,10.00,0.200000003,5/14/2007,Germany,Boston Crab Meat,2007,Seafood
10534,$7.45 ,10.00,0.200000003,5/14/2007,Germany,Tourtière,2007,Meat/Poultry
10569,$12.50 ,35.00,0.200000003,7/11/2007,USA,Gorgonzola Telino,2007,Dairy Products
10588,$62.50 ,40.00,0.200000003,7/10/2007,Germany,Carnarvon Tigers,2007,Seafood
10593,$36.00 ,20.00,0.200000003,8/13/2007,Germany,Gudbrandsdalsost,2007,Dairy Products
10596,$43.90 ,24.00,0.200000003,8/12/2007,USA,Vegie-spread,2007,Condiments
10606,$22.00 ,20.00,0.200000003,7/31/2007,Brazil,Chef Anton's Cajun Seasoning,2007,Condiments
10606,$24.00 ,20.00,0.200000003,7/31/2007,Brazil,Pâté chinois,2007,Meat/Poultry
10642,$28.50 ,20.00,0.200000003,9/5/2007,Denmark,Sirop d'érable,2007,Condiments
10655,$9.65 ,20.00,0.200000003,9/11/2007,Italy,Jack's New England Clam Chowder,2007,Seafood
10700,$21.50 ,60.00,0.200000003,10/16/2007,USA,Fløtemysost,2007,Dairy Products
10740,$9.50 ,40.00,0.200000003,11/25/2007,USA,Røgede sild,2007,Seafood
10744,$18.40 ,50.00,0.200000003,11/24/2007,Denmark,Boston Crab Meat,2007,Seafood
10756,$62.50 ,21.00,0.200000003,12/2/2007,USA,Carnarvon Tigers,2007,Seafood
10756,$19.00 ,20.00,0.200000003,12/2/2007,USA,Inlagd Sill,2007,Seafood
10756,$36.00 ,20.00,0.200000003,12/2/2007,USA,Gudbrandsdalsost,2007,Dairy Products
10786,$40.00 ,30.00,0.200000003,12/23/2007,Brazil,Northwoods Cranberry Sauce,2007,Condiments
10786,$25.89 ,15.00,0.200000003,12/23/2007,Brazil,Nord-Ost Matjeshering,2007,Seafood
10421,$26.20 ,15.00,0.150000006,1/27/2007,Brazil,Perth Pasties,2007,Meat/Poultry
10421,$10.40 ,10.00,0.150000006,1/27/2007,Brazil,Original Frankfurter grüne Soße,2007,Condiments
10440,$99.00 ,24.00,0.150000006,2/28/2007,USA,Thüringer Rostbratwurst,2007,Meat/Poultry
10440,$22.80 ,90.00,0.150000006,2/28/2007,USA,Sirop d'érable,2007,Condiments
10469,$15.50 ,2.00,0.150000006,3/14/2007,USA,Gula Malacca,2007,Condiments
10511,$22.00 ,50.00,0.150000006,4/21/2007,France,Chef Anton's Cajun Seasoning,2007,Condiments
10511,$40.00 ,10.00,0.150000006,4/21/2007,France,Northwoods Cranberry Sauce,2007,Condiments
10512,$12.00 ,9.00,0.150000006,4/24/2007,Brazil,Spegesild,2007,Seafood
10512,$34.00 ,12.00,0.150000006,4/24/2007,Brazil,Camembert Pierrot,2007,Dairy Products
10515,$97.00 ,16.00,0.150000006,5/23/2007,Germany,Mishi Kobe Niku,2007,Meat/Poultry
10515,$2.50 ,16.00,0.150000006,5/23/2007,Germany,Geitost,2007,Dairy Products
10515,$34.00 ,84.00,0.150000006,5/23/2007,Germany,Camembert Pierrot,2007,Dairy Products
10549,$12.50 ,55.00,0.150000006,5/30/2007,Germany,Gorgonzola Telino,2007,Dairy Products
10549,$9.50 ,100.00,0.150000006,5/30/2007,Germany,Røgede sild,2007,Seafood
10566,$21.00 ,35.00,0.150000006,6/18/2007,France,Queso Cabrales,2007,Dairy Products
10566,$62.50 ,18.00,0.150000006,6/18/2007,France,Carnarvon Tigers,2007,Seafood
10617,$55.00 ,30.00,0.150000006,8/4/2007,USA,Raclette Courdavault,2007,Dairy Products
10627,$15.00 ,35.00,0.150000006,8/21/2007,USA,Röd Kaviar,2007,Seafood
10693,$7.45 ,60.00,0.150000006,10/10/2007,USA,Tourtière,2007,Meat/Poultry
10693,$36.00 ,30.00,0.150000006,10/10/2007,USA,Gudbrandsdalsost,2007,Dairy Products
10693,$15.00 ,15.00,0.150000006,10/10/2007,USA,Röd Kaviar,2007,Seafood
10784,$34.80 ,30.00,0.150000006,12/22/2007,Italy,Mozzarella di Giovanni,2007,Dairy Products
10417,$9.60 ,2.00,0.25,1/28/2007,Denmark,Spegesild,2007,Seafood
10425,$19.20 ,10.00,0.25,2/14/2007,France,Pâté chinois,2007,Meat/Poultry
10431,$31.20 ,50.00,0.25,2/7/2007,Canada,Alice Mutton,2007,Meat/Poultry
10431,$14.70 ,50.00,0.25,2/7/2007,Canada,Boston Crab Meat,2007,Seafood
10487,$5.90 ,24.00,0.25,3/28/2007,Brazil,Tourtière,2007,Meat/Poultry
10536,$38.00 ,15.00,0.25,6/6/2007,Germany,Queso Manchego La Pastora,2007,Dairy Products
10536,$34.00 ,35.00,0.25,6/6/2007,Germany,Camembert Pierrot,2007,Dairy Products
10602,$13.00 ,5.00,0.25,7/22/2007,Denmark,Original Frankfurter grüne Soße,2007,Condiments
10610,$19.00 ,21.00,0.25,8/6/2007,France,Inlagd Sill,2007,Seafood
10640,$36.00 ,20.00,0.25,8/28/2007,Germany,Gudbrandsdalsost,2007,Dairy Products
10643,$12.00 ,2.00,0.25,9/2/2007,Germany,Spegesild,2007,Seafood
10652,$25.89 ,2.00,0.25,9/8/2007,Brazil,Nord-Ost Matjeshering,2007,Seafood
10680,$12.50 ,20.00,0.25,9/26/2007,USA,Gorgonzola Telino,2007,Dairy Products
10690,$13.00 ,30.00,0.25,10/3/2007,Brazil,Original Frankfurter grüne Soße,2007,Condiments
10714,$39.00 ,27.00,0.25,10/27/2007,USA,Alice Mutton,2007,Meat/Poultry
10714,$13.25 ,12.00,0.25,10/27/2007,USA,Escargots de Bourgogne,2007,Seafood
10719,$62.50 ,12.00,0.25,11/5/2007,USA,Carnarvon Tigers,2007,Seafood
10719,$25.89 ,3.00,0.25,11/5/2007,USA,Nord-Ost Matjeshering,2007,Seafood
10719,$7.45 ,40.00,0.25,11/5/2007,USA,Tourtière,2007,Meat/Poultry
10755,$36.00 ,25.00,0.25,11/28/2007,France,Gudbrandsdalsost,2007,Dairy Products
10770,$21.00 ,15.00,0.25,12/17/2007,Brazil,Queso Cabrales,2007,Dairy Products
10250,$16.80 ,15.00,0.150000006,7/12/2006,Brazil,Louisiana Fiery Hot Pepper Sauce,2006,Condiments
10260,$7.70 ,16.00,0.25,7/29/2006,Germany,Jack's New England Clam Chowder,2006,Seafood
10262,$17.00 ,12.00,0.200000003,7/25/2006,USA,Chef Anton's Gumbo Mix,2006,Condiments
10267,$44.00 ,70.00,0.150000006,8/6/2006,Germany,Raclette Courdavault,2006,Dairy Products
10269,$2.00 ,60.00,0.050000001,8/9/2006,USA,Geitost,2006,Dairy Products
10269,$27.80 ,20.00,0.050000001,8/9/2006,USA,Mozzarella di Giovanni,2006,Dairy Products
10273,$24.80 ,24.00,0.050000001,8/12/2006,Germany,Ikura,2006,Seafood
10273,$10.00 ,15.00,0.050000001,8/12/2006,Germany,Gorgonzola Telino,2006,Dairy Products
10273,$14.70 ,60.00,0.050000001,8/12/2006,Germany,Boston Crab Meat,2006,Seafood
10275,$44.00 ,6.00,0.050000001,8/9/2006,Italy,Raclette Courdavault,2006,Dairy Products
10279,$31.20 ,15.00,0.25,8/16/2006,Germany,Alice Mutton,2006,Meat/Poultry
10284,$27.20 ,20.00,0.25,8/27/2006,Germany,Camembert Pierrot,2006,Dairy Products
10285,$14.70 ,40.00,0.200000003,8/26/2006,Germany,Boston Crab Meat,2006,Seafood
10285,$26.20 ,36.00,0.200000003,8/26/2006,Germany,Perth Pasties,2006,Meat/Poultry
10287,$9.60 ,15.00,0.150000006,8/28/2006,Brazil,Spegesild,2006,Seafood
10288,$5.90 ,10.00,0.100000001,9/3/2006,Italy,Tourtière,2006,Meat/Poultry
10291,$4.80 ,20.00,0.100000001,9/4/2006,Brazil,Konbu,2006,Seafood
10291,$15.50 ,24.00,0.100000001,9/4/2006,Brazil,Gula Malacca,2006,Condiments
10305,$50.00 ,25.00,0.100000001,10/9/2006,USA,Carnarvon Tigers,2006,Seafood
10305,$99.00 ,25.00,0.100000001,10/9/2006,USA,Thüringer Rostbratwurst,2006,Meat/Poultry
10314,$25.60 ,40.00,0.100000001,10/4/2006,USA,Mascarpone Fabioli,2006,Dairy Products
10314,$10.60 ,30.00,0.100000001,10/4/2006,USA,Escargots de Bourgogne,2006,Seafood
10324,$44.00 ,40.00,0.150000006,10/10/2006,USA,Raclette Courdavault,2006,Dairy Products
10324,$35.10 ,80.00,0.150000006,10/10/2006,USA,Vegie-spread,2006,Condiments
10329,$20.70 ,8.00,0.050000001,10/23/2006,USA,Nord-Ost Matjeshering,2006,Seafood
10332,$50.00 ,40.00,0.200000003,10/21/2006,Canada,Carnarvon Tigers,2006,Seafood
10339,$31.20 ,70.00,0.050000001,11/4/2006,Canada,Alice Mutton,2006,Meat/Poultry
10340,$50.00 ,20.00,0.050000001,11/8/2006,France,Carnarvon Tigers,2006,Seafood
10340,$7.70 ,12.00,0.050000001,11/8/2006,France,Jack's New England Clam Chowder,2006,Seafood
10341,$44.00 ,9.00,0.150000006,11/5/2006,Denmark,Raclette Courdavault,2006,Dairy Products
10342,$10.00 ,56.00,0.200000003,11/4/2006,Germany,Gorgonzola Telino,2006,Dairy Products
10342,$15.20 ,40.00,0.200000003,11/4/2006,Germany,Inlagd Sill,2006,Seafood
10342,$19.20 ,40.00,0.200000003,11/4/2006,Germany,Pâté chinois,2006,Meat/Poultry
10344,$32.00 ,70.00,0.25,11/5/2006,USA,Northwoods Cranberry Sauce,2006,Condiments
10346,$31.20 ,36.00,0.100000001,11/8/2006,USA,Alice Mutton,2006,Meat/Poultry
10350,$28.80 ,18.00,0.100000001,12/3/2006,France,Gudbrandsdalsost,2006,Dairy Products
10358,$15.20 ,20.00,0.050000001,11/27/2006,France,Inlagd Sill,2006,Seafood
10361,$27.20 ,55.00,0.100000001,12/3/2006,Germany,Camembert Pierrot,2006,Dairy Products
10371,$15.20 ,6.00,0.200000003,12/24/2006,France,Inlagd Sill,2006,Seafood
10372,$27.20 ,70.00,0.25,12/9/2006,Brazil,Camembert Pierrot,2006,Dairy Products
10372,$27.80 ,42.00,0.25,12/9/2006,Brazil,Mozzarella di Giovanni,2006,Dairy Products
10376,$10.00 ,42.00,0.050000001,12/13/2006,Canada,Gorgonzola Telino,2006,Dairy Products
10379,$7.70 ,8.00,0.100000001,12/13/2006,Brazil,Jack's New England Clam Chowder,2006,Seafood
10379,$35.10 ,16.00,0.100000001,12/13/2006,Brazil,Vegie-spread,2006,Condiments
10379,$16.80 ,20.00,0.100000001,12/13/2006,Brazil,Louisiana Fiery Hot Pepper Sauce,2006,Condiments
10385,$27.20 ,20.00,0.200000003,12/23/2006,USA,Camembert Pierrot,2006,Dairy Products
10983,$6.00 ,84.00,0.150000006,4/6/2008,USA,Konbu,2008,Seafood
10994,$55.00 ,18.00,0.050000001,4/9/2008,Denmark,Raclette Courdavault,2008,Dairy Products
10999,$9.65 ,20.00,0.050000001,4/10/2008,Germany,Jack's New England Clam Chowder,2008,Seafood
10999,$13.00 ,21.00,0.050000001,4/10/2008,Germany,Original Frankfurter grüne Soße,2008,Condiments
11000,$22.00 ,25.00,0.25,4/14/2008,USA,Chef Anton's Cajun Seasoning,2008,Condiments
11006,$123.79 ,2.00,0.25,4/15/2008,USA,Thüringer Rostbratwurst,2008,Meat/Poultry
11011,$13.25 ,40.00,0.050000001,4/13/2008,Germany,Escargots de Bourgogne,2008,Seafood
11012,$34.00 ,36.00,0.050000001,4/17/2008,Germany,Camembert Pierrot,2008,Dairy Products
11012,$21.50 ,60.00,0.050000001,4/17/2008,Germany,Fløtemysost,2008,Dairy Products
11020,$31.00 ,24.00,0.150000006,4/16/2008,Germany,Ikura,2008,Seafood
11030,$123.79 ,60.00,0.25,4/27/2008,USA,Thüringer Rostbratwurst,2008,Meat/Poultry
11030,$55.00 ,100.00,0.25,4/27/2008,USA,Raclette Courdavault,2008,Dairy Products
11046,$38.00 ,20.00,0.050000001,4/24/2008,Germany,Queso Manchego La Pastora,2008,Dairy Products
11046,$32.00 ,15.00,0.050000001,4/24/2008,Germany,Mascarpone Fabioli,2008,Dairy Products
11049,$38.00 ,4.00,0.200000003,5/4/2008,Brazil,Queso Manchego La Pastora,2008,Dairy Products
11052,$28.50 ,10.00,0.200000003,5/1/2008,Brazil,Sirop d'érable,2008,Condiments
11062,$32.80 ,10.00,0.200000003,,Italy,Perth Pasties,,Meat/Poultry
11064,$39.00 ,77.00,0.100000001,5/4/2008,USA,Alice Mutton,2008,Meat/Poultry
11064,$32.80 ,25.00,0.100000001,5/4/2008,USA,Perth Pasties,2008,Meat/Poultry
11064,$24.00 ,4.00,0.100000001,5/4/2008,USA,Pâté chinois,2008,Meat/Poultry
11068,$13.00 ,28.00,0.150000006,,Brazil,Original Frankfurter grüne Soße,,Condiments
11076,$25.00 ,20.00,0.25,,France,Grandma's Boysenberry Spread,,Condiments
11077,$25.00 ,1.00,0.02,,USA,Grandma's Boysenberry Spread,,Condiments
11077,$40.00 ,2.00,0.100000001,,USA,Northwoods Cranberry Sauce,,Condiments
11077,$38.00 ,2.00,0.050000001,,USA,Queso Manchego La Pastora,,Dairy Products
11077,$12.00 ,3.00,0.02,,USA,Spegesild,,Seafood
11077,$34.00 ,2.00,0.059999999,,USA,Camembert Pierrot,,Dairy Products
11077,$15.00 ,2.00,0.01,,USA,Röd Kaviar,,Seafood
10847,$26.00 ,60.00,0.200000003,2/10/2008,USA,Gravad lax,2008,Seafood
10847,$9.50 ,36.00,0.200000003,2/10/2008,USA,Røgede sild,2008,Seafood
10847,$34.00 ,45.00,0.200000003,2/10/2008,USA,Camembert Pierrot,2008,Dairy Products
10847,$21.50 ,55.00,0.200000003,2/10/2008,USA,Fløtemysost,2008,Dairy Products
10851,$55.00 ,42.00,0.050000001,2/2/2008,Brazil,Raclette Courdavault,2008,Dairy Products
10855,$21.05 ,15.00,0.150000006,2/4/2008,USA,Louisiana Fiery Hot Pepper Sauce,2008,Condiments
10859,$7.45 ,35.00,0.25,2/2/2008,Germany,Tourtière,2008,Meat/Poultry
10871,$25.00 ,50.00,0.050000001,2/10/2008,France,Grandma's Boysenberry Spread,2008,Condiments
10871,$39.00 ,16.00,0.050000001,2/10/2008,France,Alice Mutton,2008,Meat/Poultry
10882,$7.45 ,32.00,0.150000006,2/20/2008,USA,Tourtière,2008,Meat/Poultry
10884,$21.05 ,12.00,0.050000001,2/13/2008,USA,Louisiana Fiery Hot Pepper Sauce,2008,Condiments
10891,$25.89 ,15.00,0.050000001,2/19/2008,Germany,Nord-Ost Matjeshering,2008,Seafood
10894,$6.00 ,28.00,0.050000001,2/20/2008,USA,Konbu,2008,Seafood
10894,$36.00 ,50.00,0.050000001,2/20/2008,USA,Gudbrandsdalsost,2008,Dairy Products
10913,$22.00 ,30.00,0.25,3/4/2008,Brazil,Chef Anton's Cajun Seasoning,2008,Condiments
10913,$2.50 ,40.00,0.25,3/4/2008,Brazil,Geitost,2008,Dairy Products
10918,$34.00 ,25.00,0.25,3/11/2008,Canada,Camembert Pierrot,2008,Dairy Products
10925,$19.00 ,25.00,0.150000006,3/13/2008,Brazil,Inlagd Sill,2008,Seafood
10935,$62.50 ,4.00,0.25,3/18/2008,Brazil,Carnarvon Tigers,2008,Seafood
10936,$19.00 ,30.00,0.200000003,3/18/2008,USA,Inlagd Sill,2008,Seafood
10938,$6.00 ,20.00,0.25,3/16/2008,Germany,Konbu,2008,Seafood
10938,$34.00 ,49.00,0.25,3/16/2008,Germany,Camembert Pierrot,2008,Dairy Products
10938,$21.50 ,35.00,0.25,3/16/2008,Germany,Fløtemysost,2008,Dairy Products
10941,$12.50 ,44.00,0.25,3/20/2008,USA,Gorgonzola Telino,2008,Dairy Products
10944,$21.00 ,5.00,0.25,3/13/2008,Canada,Queso Cabrales,2008,Dairy Products
10944,$19.45 ,18.00,0.25,3/13/2008,Canada,Gula Malacca,2008,Condiments
10952,$25.00 ,16.00,0.050000001,3/24/2008,Germany,Grandma's Boysenberry Spread,2008,Condiments
10791,$123.79 ,14.00,0.050000001,1/1/2008,Germany,Thüringer Rostbratwurst,2008,Meat/Poultry
10791,$9.65 ,20.00,0.050000001,1/1/2008,Germany,Jack's New England Clam Chowder,2008,Seafood
10794,$7.45 ,6.00,0.200000003,1/2/2008,Brazil,Tourtière,2008,Meat/Poultry
10799,$6.00 ,20.00,0.150000006,1/5/2008,Germany,Konbu,2008,Seafood
10802,$25.89 ,25.00,0.25,1/2/2008,Denmark,Nord-Ost Matjeshering,2008,Seafood
10802,$24.00 ,60.00,0.25,1/2/2008,Denmark,Pâté chinois,2008,Meat/Poultry
10803,$55.00 ,15.00,0.050000001,1/6/2008,Brazil,Raclette Courdavault,2008,Dairy Products
10812,$12.50 ,16.00,0.100000001,1/12/2008,Italy,Gorgonzola Telino,2008,Dairy Products
10812,$34.80 ,40.00,0.100000001,1/12/2008,Italy,Mozzarella di Giovanni,2008,Dairy Products
10814,$28.50 ,30.00,0.150000006,1/14/2008,France,Sirop d'érable,2008,Condiments
10817,$18.40 ,60.00,0.150000006,1/13/2008,Germany,Boston Crab Meat,2008,Seafood
10832,$6.00 ,3.00,0.200000003,1/19/2008,France,Konbu,2008,Seafood
10832,$19.45 ,16.00,0.200000003,1/19/2008,France,Gula Malacca,2008,Condiments
10833,$12.50 ,9.00,0.100000001,1/23/2008,Germany,Gorgonzola Telino,2008,Dairy Products
10833,$32.80 ,9.00,0.100000001,1/23/2008,Germany,Perth Pasties,2008,Meat/Poultry
10834,$123.79 ,8.00,0.050000001,1/19/2008,Brazil,Thüringer Rostbratwurst,2008,Meat/Poultry
10834,$25.89 ,20.00,0.050000001,1/19/2008,Brazil,Nord-Ost Matjeshering,2008,Seafood
10835,$13.00 ,2.00,0.200000003,1/21/2008,Germany,Original Frankfurter grüne Soße,2008,Condiments
10839,$13.25 ,30.00,0.100000001,1/22/2008,Brazil,Escargots de Bourgogne,2008,Seafood
10839,$34.80 ,15.00,0.100000001,1/22/2008,Brazil,Mozzarella di Giovanni,2008,Dairy Products
10845,$13.25 ,60.00,0.100000001,1/30/2008,Germany,Escargots de Bourgogne,2008,Seafood
10850,$2.50 ,4.00,0.150000006,1/30/2008,France,Geitost,2008,Dairy Products
