GPA,GMAT,Work_Exp,State,Result
2.95,767,4.0,ME,Accepted
2.44,710,0.0,NJ,Accepted
3.07,607,1.5,NE,Accepted
3.77,522,0.0,MD,Accepted
2.36,683,0.0,KS,Declined
2.36,647,1.0,LA,Accepted
3.81,707,0.0,DE,Accepted
3.16,676,1.5,MS,Accepted
2.17,725,1.5,GA,Accepted
2.98,535,5.0,IL,Accepted
2.18,758,0.0,TN,Declined
2.18,623,3.0,NH,Declined
2.74,849,2.0,VT,Accepted
1.02,517,1.5,AL,Declined
1.17,808,0.0,SD,Accepted
2.1,623,4.0,KY,Declined
1.74,521,2.0,IA,Declined
2.8,541,1.5,OK,Declined
1.82,561,4.0,SC,Declined
1.42,650,0.0,MO,Declined
3.72,662,3.0,ID,Accepted
2.37,531,1.0,WY,Declined
2.6,597,0.0,LA,Accepted
1.41,857,2.0,TN,Declined
2.11,807,2.0,SC,Declined
2.64,652,1.5,MD,Accepted
1.63,604,3.0,GA,Declined
2.85,614,1.5,MO,Accepted
2.07,673,0.0,HI,Declined
2.32,477,1.5,AK,Declined
2.07,569,0.0,MO,Declined
4.03,399,0.0,GA,Declined
2.54,647,3.0,NH,Accepted
1.7,677,0.0,MS,Declined
3.21,542,0.0,CT,Accepted
1.57,788,1.0,MS,Accepted
2.72,452,1.0,KY,Declined
0.98,424,2.0,NM,Declined
1.49,626,2.0,AK,Declined
2.71,725,1.0,UT,Declined
3.14,802,0.0,DE,Accepted
2.69,544,0.0,CO,Declined
2.46,729,1.0,CT,Accepted
2.31,595,1.5,NM,Declined
1.37,579,1.5,MS,Declined
1.97,706,0.0,MI,Accepted
2.18,678,0.0,ND,Declined
3.4,410,1.5,IN,Declined
2.82,777,1.5,MN,Accepted
1.14,765,0.0,MN,Declined
2.81,524,0.0,CA,Accepted
2.24,647,1.0,GA,Declined
2.01,659,2.0,MT,Declined
3.04,631,0.0,MD,Accepted
3.37,533,4.0,TN,Declined
3.3,519,4.0,RI,Declined
1.88,596,3.0,SD,Declined
2.3,740,1.0,ND,Accepted
2.82,665,0.0,TN,Accepted
3.33,555,2.0,NC,Accepted
2.17,692,2.0,MI,Accepted
2.4,258,2.0,SC,Declined
1.66,737,5.0,ME,Declined
1.59,391,0.0,SC,Declined
3.2,556,0.0,KS,Accepted
3.63,465,2.0,AZ,Accepted
2.49,444,2.0,CT,Declined
3.35,739,3.0,AZ,Accepted
2.84,543,5.0,AK,Accepted
2.03,641,2.0,AZ,Accepted
2.84,594,0.0,HI,Accepted
3.78,657,5.0,CA,Accepted
2.52,609,0.0,VA,Accepted
3.8,446,0.0,RI,Accepted
0.45,719,2.0,HI,Declined
3.21,540,2.0,TX,Accepted
2.62,413,2.5,RI,Declined
2.31,548,1.5,RI,Accepted
2.62,780,1.5,NM,Accepted
0.96,702,2.5,SD,Declined
2.37,558,1.5,WV,Declined
2.84,558,5.0,IA,Accepted
3.73,561,0.0,WI,Accepted
2.14,849,0.0,NY,Declined
1.9,645,5.0,NY,Declined
2.15,651,1.5,WV,Declined
3.28,723,1.5,NH,Accepted
2.81,628,2.0,AK,Accepted
2.13,568,3.0,MD,Declined
2.96,576,1.5,WI,Accepted
2.63,591,2.0,NY,Accepted
3.32,595,1.0,OR,Accepted
1.99,687,2.0,IA,Accepted
2.29,606,0.0,MI,Declined
2.24,687,1.5,ME,Accepted
1.38,590,2.5,WI,Declined
2.79,609,3.0,MA,Accepted
2.76,360,2.0,ID,Declined
2.55,709,2.0,WA,Declined
2.36,641,0.0,FL,Accepted
1.42,719,2.5,CO,Declined
2.21,252,0.0,OR,Declined
2.28,850,1.5,MD,Accepted
1.91,583,2.0,SD,Declined
2.42,732,2.5,AZ,Declined
2.87,475,2.0,CT,Accepted
4.06,673,1.0,KS,Accepted
2.69,473,1.0,WA,Declined
2.76,525,2.5,HI,Declined
2.49,829,0.0,NY,Accepted
1.01,577,2.0,KS,Declined
2.53,626,2.0,WV,Declined
2.6,704,0.0,FL,Accepted
4.52,659,2.0,WI,Accepted
2.4,618,1.5,AR,Accepted
2.79,643,2.5,KS,Accepted
2.52,888,5.0,WV,Accepted
1.62,593,4.0,CA,Declined
3.46,624,3.0,OK,Declined
3.15,726,1.5,KY,Accepted
3.18,732,2.0,RI,Accepted
1.82,742,4.0,NH,Accepted
3.67,676,2.0,NJ,Accepted
1.43,462,0.0,NV,Declined
3.02,796,1.5,DE,Accepted
4.3,462,1.5,FL,Accepted
1.76,636,0.0,IN,Declined
2.1,509,2.5,VT,Declined
2.63,592,2.0,WY,Accepted
2.15,639,1.5,HI,Accepted
1.31,638,2.0,IA,Declined
2.6,650,0.0,ID,Accepted
1.7,793,2.0,NV,Accepted
2.93,654,0.0,CT,Accepted
1.81,570,4.0,AK,Declined
3.79,715,1.0,OH,Accepted
1.92,742,1.0,HI,Accepted
2.29,452,1.0,AZ,Declined
3.2,671,2.0,RI,Accepted
1.57,684,1.5,NV,Declined
2.73,564,3.0,NH,Accepted
3.6,765,1.5,VA,Accepted
1.26,581,5.0,CT,Declined
2.7,615,1.0,IA,Accepted
2.76,579,1.0,AZ,Declined
3.18,601,0.0,AZ,Accepted
1.56,468,0.0,AZ,Declined
1.49,427,0.0,NV,Declined
2.97,791,1.5,KS,Accepted
2.79,498,4.0,DE,Declined
2.75,481,2.0,TX,Declined
2.83,341,0.0,NH,Declined
2.01,523,0.0,WA,Declined
2.74,441,2.0,NV,Declined
2.78,797,2.0,TN,Accepted
1.98,721,2.5,TX,Declined
4.04,517,0.0,CO,Accepted
2.93,870,2.0,MD,Accepted
1.6,717,2.0,OR,Accepted
3.08,561,2.0,ND,Accepted
1.77,300,1.0,MI,Declined
3.18,874,4.0,IA,Accepted
3.48,433,1.0,ND,Accepted
1.89,402,1.5,CT,Declined
3.32,722,1.5,KS,Accepted
2.88,892,2.0,KY,Accepted
3.21,766,0.0,NE,Accepted
4.07,667,1.5,NE,Accepted
2.35,671,1.5,ID,Declined
1.95,702,1.0,NH,Accepted
1.84,691,0.0,WY,Accepted
1.9,633,0.0,WV,Declined
2.49,612,1.5,RI,Declined
2.82,592,2.0,NV,Accepted
2.77,509,1.5,WA,Declined
3.21,566,0.0,IL,Accepted
2.56,396,3.0,WI,Declined
3.71,588,0.0,VT,Accepted
2.34,481,0.0,FL,Accepted
4.73,467,1.5,NH,Accepted
3.05,621,1.5,MT,Accepted
1.86,767,5.0,FL,Declined
1.69,710,1.5,MI,Declined
2.94,411,5.0,KY,Accepted
2.37,481,2.0,NH,Declined
3.12,712,4.0,KS,Accepted
2.93,482,2.5,NV,Declined
2.49,573,1.5,CA,Declined
1.87,666,0.0,MN,Declined
1.34,483,4.0,RI,Declined
2.19,612,2.0,NE,Declined
3.24,439,1.0,WV,Accepted
2.72,527,0.0,CA,Accepted
1.55,638,0.0,IA,Declined
2.69,408,1.5,GA,Declined
2.86,652,1.5,SC,Accepted
1.84,597,0.0,DE,Declined
2.67,666,1.0,IA,Accepted
2.6,626,1.5,IA,Declined
1.64,763,1.5,WY,Accepted
2.84,615,0.0,ND,Accepted
3.0,548,5.0,DE,Accepted
3.42,614,1.5,HI,Accepted
3.39,665,0.0,PA,Accepted
1.45,605,2.0,RI,Declined
1.8,604,2.5,IN,Declined
2.96,515,0.0,LA,Accepted
2.96,520,1.0,AZ,Accepted
2.96,431,5.0,RI,Declined
5.63,809,0.0,NV,Accepted
3.01,450,0.0,WA,Declined
3.46,516,3.0,VA,Accepted
3.31,513,1.5,NH,Accepted
3.07,707,0.0,VA,Accepted
2.3,564,0.0,WV,Declined
3.16,749,0.0,AL,Accepted
1.93,519,0.0,CT,Declined
2.36,633,2.0,OH,Declined
2.16,499,4.0,ME,Accepted
2.62,857,0.0,NJ,Accepted
4.4,457,0.0,NJ,Accepted
1.06,637,5.0,TX,Declined
3.1,676,1.5,UT,Accepted
1.26,649,1.0,OH,Declined
2.17,577,2.0,SD,Declined
3.42,584,2.5,ND,Accepted
2.6,605,5.0,TX,Accepted
1.69,582,4.0,AL,Declined
1.98,715,0.0,UT,Declined
3.09,865,5.0,NC,Accepted
1.97,533,1.5,NV,Declined
2.72,435,2.5,KS,Declined
2.59,589,5.0,OH,Declined
2.03,909,1.5,OR,Accepted
4.27,503,2.0,RI,Accepted
3.06,796,1.5,NH,Accepted
0.93,801,2.0,GA,Declined
2.7,533,0.0,NH,Declined
2.02,668,0.0,SD,Declined
3.23,795,1.5,NH,Accepted
1.92,554,1.5,WI,Declined
2.46,575,1.5,CT,Accepted
2.95,530,0.0,CT,Accepted
3.24,478,0.0,NM,Declined
1.59,522,1.5,OK,Declined
2.28,453,0.0,RI,Declined
2.17,604,4.0,WI,Declined
2.03,507,1.5,CA,Declined
3.96,628,1.5,KY,Accepted
2.87,413,1.5,NH,Declined
1.54,639,1.0,NC,Declined
3.28,700,1.0,AK,Accepted
4.25,360,0.0,WY,Declined
3.38,644,0.0,NM,Accepted
1.33,747,1.0,CO,Declined
2.16,454,1.0,TX,Declined
3.56,800,0.0,AL,Accepted
1.98,650,3.0,RI,Declined
2.91,515,2.0,ID,Declined
3.17,593,1.5,NV,Accepted
1.81,666,1.0,AR,Declined
2.5,609,5.0,NJ,Accepted
-0.04,664,1.5,MN,Declined
1.73,489,2.5,NY,Declined
2.35,620,3.0,HI,Accepted
1.55,430,1.5,NE,Declined
3.86,586,2.5,RI,Accepted
1.41,491,0.0,MI,Declined
2.2,511,1.0,OR,Declined
2.65,748,0.0,AK,Accepted
3.7,730,0.0,WV,Accepted
1.4,673,2.5,AK,Declined
3.48,468,1.5,FL,Declined
2.56,562,2.0,TX,Declined
1.76,745,2.5,CA,Declined
2.92,617,5.0,NY,Declined
2.71,878,4.0,IL,Accepted
2.07,647,0.0,ID,Declined
2.61,623,1.0,MS,Accepted
2.24,562,3.0,KY,Declined
2.64,616,1.5,CO,Declined
3.08,581,1.0,TN,Accepted
3.82,684,4.0,MS,Accepted
1.56,714,5.0,MO,Declined
4.26,505,0.0,WA,Accepted
0.99,440,0.0,SD,Declined
2.43,379,1.5,MS,Declined
3.02,660,0.0,MD,Accepted
2.77,467,0.0,SD,Declined
2.05,341,4.0,WY,Declined
2.38,646,1.0,OK,Accepted
2.16,899,2.0,CO,Accepted
2.08,599,0.0,WV,Declined
3.23,700,0.0,OR,Accepted
2.84,609,2.0,CA,Declined
2.0,588,0.0,WI,Declined
3.27,710,1.5,KS,Accepted
2.8,565,0.0,CO,Accepted
3.2,632,0.0,CA,Accepted
3.05,638,5.0,OH,Declined
1.89,519,2.0,AL,Declined
2.1,719,3.0,VA,Declined
3.15,579,2.5,AR,Accepted
3.04,509,5.0,VA,Accepted
2.53,664,2.0,RI,Accepted
2.64,492,4.0,NV,Accepted
3.57,603,1.5,SC,Accepted
2.08,598,2.0,TX,Declined
2.99,730,0.0,MO,Accepted
2.39,656,0.0,TN,Accepted
2.38,596,4.0,IN,Declined
3.43,698,0.0,MA,Accepted
3.21,766,4.0,TN,Accepted
3.2,666,1.5,CT,Accepted
3.59,601,1.0,TN,Accepted
2.57,442,5.0,MT,Declined
3.1,472,1.0,RI,Accepted
2.3,563,4.0,PA,Declined
2.81,526,0.0,AK,Declined
2.45,577,4.0,MT,Declined
2.63,606,1.0,OK,Accepted
3.03,663,0.0,NJ,Accepted
1.9,591,2.0,OH,Declined
4.22,658,2.5,WI,Accepted
1.75,607,2.0,OK,Declined
1.58,362,0.0,VA,Declined
3.48,487,2.0,ND,Declined
3.18,582,1.5,CO,Accepted
3.05,454,2.0,MA,Accepted
3.05,671,0.0,CA,Accepted
2.54,783,0.0,CT,Accepted
1.83,746,1.5,CT,Declined
2.61,574,5.0,SC,Declined
2.01,778,1.5,VA,Accepted
3.33,617,3.0,DE,Accepted
2.43,559,2.0,IN,Declined
1.89,526,0.0,ND,Declined
2.29,563,0.0,HI,Declined
2.88,553,2.5,CT,Accepted
2.1,620,5.0,LA,Declined
1.89,619,2.0,AR,Declined
2.74,600,0.0,SC,Accepted
2.75,652,1.5,OK,Accepted
2.14,742,1.0,NH,Declined
2.17,713,0.0,OR,Declined
2.74,421,4.0,SD,Declined
1.39,293,3.0,SD,Declined
1.42,712,1.5,WA,Declined
1.98,435,1.0,TN,Declined
2.38,573,0.0,GA,Declined
2.8,459,0.0,CA,Accepted
3.73,383,1.0,RI,Accepted
3.24,664,1.0,NV,Accepted
2.42,691,1.0,SD,Declined
2.53,530,0.0,FL,Accepted
1.75,289,0.0,IA,Declined
2.54,534,2.0,IA,Declined
2.32,647,0.0,MN,Accepted
2.81,422,0.0,OR,Declined
1.89,622,0.0,WA,Declined
2.97,598,0.0,OK,Declined
3.78,669,1.0,VT,Accepted
2.46,614,0.0,OK,Declined
2.87,483,1.5,AL,Accepted
3.1,743,2.5,MD,Accepted
2.23,580,1.5,CA,Accepted
2.73,596,0.0,OR,Declined
2.56,488,5.0,WA,Declined
2.63,546,1.0,IN,Declined
1.93,493,0.0,MO,Declined
2.57,579,4.0,UT,Declined
2.95,805,1.0,MA,Accepted
3.71,435,2.0,NY,Accepted
3.32,406,0.0,WY,Accepted
4.27,776,0.0,IN,Accepted
1.94,574,4.0,ME,Declined
3.25,519,2.0,UT,Accepted
2.7,724,5.0,TN,Accepted
4.3,527,3.0,UT,Accepted
1.9,819,0.0,KS,Accepted
1.88,681,2.0,FL,Declined
2.07,541,2.5,MI,Declined
0.85,858,1.5,MD,Declined
2.13,527,0.0,NH,Declined
1.94,689,5.0,CT,Declined
2.67,635,1.5,UT,Declined
2.82,756,1.5,AZ,Accepted
4.05,787,0.0,WV,Accepted
3.31,603,4.0,MI,Accepted
2.09,509,4.0,FL,Declined
1.83,655,0.0,OH,Declined
2.94,518,0.0,OH,Declined
1.49,841,2.0,MO,Declined
4.02,616,1.5,NJ,Accepted
3.49,556,2.5,MD,Accepted
2.17,622,2.0,OK,Declined
1.18,438,0.0,NY,Declined
3.63,483,4.0,NM,Declined
2.46,744,0.0,KS,Accepted
3.54,521,0.0,KS,Accepted
1.27,474,5.0,NJ,Declined
2.07,664,2.5,WI,Declined
2.55,742,5.0,MT,Accepted
2.59,686,1.0,ND,Accepted
2.19,719,2.0,SD,Accepted
3.05,509,0.0,MA,Accepted
1.7,429,1.5,SC,Declined
2.44,780,2.0,WY,Accepted
2.65,561,2.0,WV,Accepted
2.96,569,1.5,IL,Declined
3.12,759,0.0,RI,Accepted
1.65,666,0.0,MS,Accepted
1.32,654,1.5,MN,Declined
3.57,859,0.0,CT,Accepted
2.82,522,1.5,MD,Accepted
1.95,711,5.0,RI,Accepted
3.79,606,2.0,PA,Accepted
2.64,632,1.0,MD,Accepted
3.49,783,1.5,CT,Accepted
2.6,660,0.0,NH,Declined
4.2,664,0.0,SD,Accepted
3.95,728,5.0,VA,Accepted
2.35,556,1.5,VT,Declined
3.33,499,0.0,AL,Accepted
3.07,474,2.0,AZ,Declined
3.64,364,2.0,KY,Accepted
1.78,846,1.5,UT,Accepted
3.1,467,1.5,SC,Declined
3.4,573,5.0,AL,Accepted
1.14,566,1.5,NY,Declined
1.6,636,0.0,OK,Declined
0.92,697,2.5,CA,Declined
2.33,703,2.0,CO,Accepted
3.12,530,1.5,ND,Accepted
3.75,579,0.0,OR,Accepted
2.61,633,0.0,LA,Declined
3.85,570,0.0,AZ,Accepted
1.45,792,2.0,KY,Accepted
1.19,658,2.0,RI,Declined
2.51,688,5.0,NH,Declined
2.86,679,2.0,VA,Accepted
2.52,740,1.5,PA,Accepted
0.9,621,0.0,ID,Declined
2.48,444,0.0,DE,Declined
1.51,647,0.0,ME,Declined
3.09,521,0.0,KS,Accepted
2.84,536,5.0,NH,Accepted
1.8,670,1.5,MI,Declined
2.14,748,1.0,PA,Declined
1.7,602,1.5,CO,Declined
2.5,637,0.0,SC,Declined
3.31,804,5.0,AR,Accepted
1.76,628,4.0,KY,Declined
2.95,912,1.0,WV,Accepted
2.13,667,0.0,LA,Accepted
1.92,388,2.0,MD,Declined
2.46,690,1.5,KY,Accepted
1.72,645,3.0,IN,Declined
2.11,754,4.0,GA,Accepted
1.59,680,0.0,VA,Declined
4.12,583,2.5,KY,Accepted
2.58,453,0.0,NV,Declined
1.99,574,2.0,NH,Declined
2.72,497,1.0,PA,Declined
2.46,530,0.0,MO,Declined
2.37,670,2.5,TN,Accepted
3.04,800,1.5,MA,Accepted
3.16,647,0.0,MS,Accepted
2.13,456,1.0,MA,Declined
2.09,653,1.0,WI,Declined
2.33,743,0.0,ND,Accepted
0.71,526,0.0,SD,Declined
1.34,583,2.5,TN,Declined
3.64,601,1.0,MO,Accepted
3.87,505,0.0,OK,Accepted
2.35,677,4.0,PA,Accepted
3.01,585,1.5,NH,Accepted
2.8,650,1.5,OK,Accepted
5.01,493,1.5,MN,Accepted
3.45,547,0.0,MN,Accepted
2.45,686,0.0,SC,Declined
1.79,555,4.0,KY,Declined
1.26,807,2.0,ME,Accepted
2.71,552,2.0,RI,Declined
1.94,626,0.0,MO,Declined
1.41,711,0.0,MN,Declined
2.03,429,1.5,OH,Declined
1.68,388,0.0,OR,Declined
3.9,416,0.0,UT,Accepted
3.26,751,1.5,NE,Accepted
2.54,533,2.0,NC,Declined
3.73,906,1.0,WY,Accepted
2.61,532,5.0,NM,Declined
1.86,622,0.0,GA,Accepted
3.77,785,5.0,OH,Accepted
2.98,840,0.0,AZ,Accepted
1.72,847,4.0,HI,Accepted
2.4,745,0.0,VA,Accepted
1.85,722,2.0,OK,Accepted
1.44,671,2.0,AR,Declined
3.29,693,1.0,OK,Accepted
4.08,533,2.5,AK,Accepted
1.43,501,1.0,MT,Declined
3.0,599,1.0,AK,Accepted
2.03,579,0.0,OR,Declined
2.16,545,3.0,DE,Declined
2.08,683,1.5,MO,Accepted
1.86,714,4.0,OH,Accepted
2.59,610,2.0,MS,Declined
1.89,777,0.0,NH,Declined
2.77,462,1.0,MT,Declined
2.51,576,1.0,VT,Accepted
2.36,513,1.5,WI,Declined
1.82,376,0.0,MI,Declined
2.09,590,0.0,SC,Declined
3.15,585,1.5,AZ,Accepted
2.95,781,5.0,NV,Accepted
1.77,675,1.5,OK,Declined
2.63,477,3.0,LA,Declined
3.15,822,1.0,AL,Accepted
1.21,746,1.5,RI,Declined
2.98,669,0.0,OR,Accepted
2.02,572,0.0,NM,Declined
3.01,484,3.0,AR,Declined
1.94,555,1.5,CT,Declined
1.11,730,4.0,GA,Declined
1.25,826,0.0,KY,Declined
2.59,785,1.0,WI,Accepted
2.76,541,0.0,MA,Accepted
1.83,465,0.0,HI,Declined
3.06,616,2.0,MS,Accepted
1.22,387,0.0,IA,Declined
2.5,638,1.0,ND,Accepted
1.58,582,3.0,CO,Declined
2.03,544,5.0,IA,Declined
2.59,408,1.5,WV,Declined
1.86,661,1.0,WI,Accepted
2.24,536,2.0,NC,Declined
3.36,459,4.0,AR,Declined
2.09,255,2.5,UT,Declined
3.22,596,0.0,FL,Accepted
1.65,812,5.0,SC,Declined
2.97,799,2.0,OH,Accepted
3.7,545,0.0,FL,Accepted
0.57,527,2.5,LA,Declined
1.91,656,1.5,MN,Declined
3.01,480,2.0,ND,Declined
2.39,636,2.0,NE,Declined
2.85,691,0.0,NM,Accepted
2.07,747,0.0,WY,Accepted
2.62,587,0.0,NE,Declined
2.43,575,0.0,AR,Declined
3.48,494,2.0,UT,Accepted
2.75,500,5.0,CA,Declined
2.82,572,0.0,MA,Declined
2.22,644,2.0,OK,Accepted
2.16,709,0.0,SD,Declined
2.2,503,2.0,NV,Declined
2.87,779,2.0,GA,Accepted
2.21,567,0.0,NV,Declined
2.78,597,5.0,LA,Declined
4.21,510,2.0,MA,Accepted
3.25,309,1.0,AR,Declined
2.29,706,5.0,TN,Accepted
3.51,688,1.0,LA,Accepted
2.22,566,1.5,OR,Declined
0.92,608,0.0,MA,Declined
1.74,661,1.5,NM,Declined
1.05,412,0.0,WA,Declined
2.27,536,0.0,HI,Declined
2.56,695,0.0,WA,Accepted
3.89,449,2.5,AR,Declined
2.81,635,0.0,PA,Accepted
2.37,437,1.5,WV,Declined
3.21,655,1.5,SD,Accepted
0.78,595,0.0,MD,Declined
2.74,406,0.0,WV,Declined
3.17,739,1.5,IN,Accepted
1.37,511,2.0,ID,Declined
3.47,502,0.0,AR,Accepted
2.82,624,1.0,CO,Accepted
2.22,737,2.0,WV,Accepted
3.06,478,3.0,AL,Declined
4.37,607,0.0,ME,Accepted
2.7,651,0.0,NM,Accepted
2.75,683,0.0,VT,Accepted
2.18,621,2.0,NY,Declined
1.87,555,1.5,UT,Declined
3.21,500,2.0,NE,Declined
1.87,610,0.0,MT,Declined
2.61,471,3.0,ME,Declined
2.17,249,4.0,WI,Declined
2.93,652,0.0,WI,Accepted
2.82,708,2.5,ID,Accepted
3.38,316,2.0,VA,Declined
2.14,478,1.5,PA,Declined
2.33,674,2.0,PA,Declined
1.77,846,2.5,KS,Accepted
2.19,602,5.0,OK,Accepted
2.85,512,0.0,AK,Declined
3.16,578,1.5,HI,Declined
1.81,764,0.0,NH,Accepted
3.25,522,1.5,NV,Declined
3.63,504,1.5,MD,Declined
2.88,542,4.0,NY,Declined
4.05,485,1.0,TX,Accepted
1.93,614,4.0,DE,Declined
1.55,794,0.0,TX,Declined
1.13,638,0.0,TN,Declined
3.75,569,0.0,TN,Accepted
3.07,564,0.0,TN,Accepted
2.51,412,2.0,NC,Declined
2.77,705,0.0,MS,Accepted
1.65,590,1.5,CO,Declined
4.51,578,2.0,IA,Accepted
2.65,983,4.0,ID,Accepted
2.64,635,1.5,UT,Declined
3.13,509,3.0,MO,Accepted
2.93,548,0.0,WY,Accepted
2.73,737,0.0,OK,Accepted
1.92,613,1.5,CA,Declined
2.93,427,0.0,RI,Declined
4.06,710,1.0,SC,Accepted
3.63,519,1.5,NE,Accepted
3.82,824,3.0,KS,Accepted
2.14,729,2.5,MI,Declined
1.76,546,2.0,AZ,Declined
2.45,753,0.0,CA,Accepted
2.59,608,0.0,NV,Declined
3.43,702,5.0,AZ,Accepted
1.2,658,1.5,KY,Declined
3.77,498,1.0,NH,Accepted
2.42,522,5.0,NJ,Declined
2.21,723,0.0,IL,Accepted
1.74,559,2.0,WI,Declined
1.23,551,0.0,OR,Declined
3.21,485,0.0,OK,Accepted
2.61,650,0.0,ME,Accepted
1.52,847,0.0,ID,Declined
1.51,471,0.0,VA,Declined
2.28,602,2.5,KS,Accepted
3.89,769,2.5,MT,Accepted
2.34,590,2.0,MD,Declined
1.35,654,0.0,SD,Declined
2.35,472,2.5,IA,Declined
2.33,651,0.0,LA,Declined
0.39,577,0.0,CT,Declined
2.51,718,2.0,CA,Declined
2.37,742,0.0,MN,Accepted
3.11,910,3.0,PA,Accepted
4.03,669,0.0,AR,Accepted
3.45,639,3.0,NY,Accepted
2.33,623,1.0,IL,Accepted
1.66,557,0.0,IL,Declined
4.61,640,1.5,NM,Accepted
2.6,564,0.0,FL,Accepted
2.56,620,2.0,MI,Declined
2.53,758,1.5,UT,Accepted
2.71,479,3.0,OH,Declined
2.43,736,0.0,MA,Accepted
2.09,758,1.0,SD,Declined
2.11,585,0.0,PA,Declined
2.52,345,0.0,SD,Declined
2.12,527,0.0,IN,Declined
1.98,755,5.0,NJ,Accepted
2.64,597,0.0,RI,Declined
2.35,480,0.0,MA,Declined
3.75,539,1.5,MA,Accepted
0.43,700,1.0,SD,Declined
3.42,665,1.0,OR,Accepted
3.55,571,1.0,ND,Accepted
0.89,555,1.5,CT,Declined
2.28,552,0.0,HI,Declined
2.25,489,1.5,NJ,Declined
1.42,793,1.5,OR,Declined
1.93,561,5.0,KY,Declined
1.66,746,1.5,MD,Declined
3.95,782,2.5,VT,Accepted
3.3,719,1.5,OK,Accepted
3.57,548,4.0,HI,Accepted
3.13,648,1.0,MS,Accepted
1.65,597,0.0,NH,Declined
2.13,491,0.0,OK,Declined
2.94,638,0.0,LA,Accepted
1.57,458,1.5,VA,Declined
3.12,742,0.0,ME,Accepted
2.36,544,1.5,WY,Declined
2.25,624,0.0,NE,Declined
3.12,633,1.0,MO,Accepted
2.91,568,2.0,ID,Accepted
2.26,670,0.0,UT,Declined
3.48,543,1.0,IN,Accepted
1.69,704,1.0,ID,Declined
3.04,438,2.5,WV,Declined
3.02,615,3.0,AK,Accepted
2.3,832,1.5,WA,Accepted
2.81,479,1.5,SC,Accepted
1.55,518,1.5,UT,Declined
3.29,661,2.0,FL,Accepted
2.4,621,2.5,IA,Accepted
2.13,642,0.0,NM,Declined
3.39,658,1.5,NE,Accepted
1.99,676,2.0,WA,Accepted
1.42,733,3.0,DE,Accepted
1.3,649,0.0,MD,Declined
3.03,571,0.0,VT,Accepted
1.53,680,3.0,LA,Declined
3.95,827,0.0,VT,Accepted
0.88,584,0.0,NE,Declined
3.91,483,1.0,NH,Accepted
2.72,732,1.5,SD,Accepted
2.47,585,0.0,CO,Accepted
2.11,339,0.0,NC,Declined
2.87,701,0.0,AL,Accepted
2.52,535,1.5,IA,Declined
3.43,589,4.0,SC,Declined
2.64,639,0.0,AZ,Accepted
2.67,622,0.0,FL,Accepted
2.26,685,0.0,WV,Declined
2.5,547,2.5,AK,Declined
2.8,661,0.0,ND,Accepted
1.18,568,2.0,OK,Declined
1.47,688,2.0,MS,Declined
3.14,673,0.0,AL,Accepted
2.69,487,1.0,OR,Accepted
2.4,730,2.0,LA,Accepted
2.56,535,1.0,DE,Accepted
2.83,696,0.0,HI,Accepted
2.12,644,0.0,MI,Declined
1.93,820,0.0,IN,Accepted
2.71,573,1.5,FL,Accepted
1.77,558,3.0,NM,Declined
2.88,597,0.0,AZ,Accepted
1.19,563,2.5,VA,Declined
3.37,695,0.0,IN,Accepted
2.93,406,5.0,NV,Declined
2.75,473,2.5,NM,Declined
3.34,471,0.0,NH,Accepted
3.88,714,1.5,MA,Accepted
3.36,805,2.0,WV,Accepted
1.08,587,1.5,WA,Declined
1.53,579,4.0,NM,Declined
2.05,608,4.0,OR,Declined
2.57,739,0.0,OH,Accepted
2.96,488,2.5,GA,Declined
1.97,628,1.0,AL,Declined
2.7,717,1.5,MD,Accepted
1.95,660,1.0,NJ,Declined
2.06,622,0.0,SD,Declined
1.42,720,2.0,WY,Declined
1.81,275,2.5,ME,Declined
1.47,681,0.0,UT,Accepted
1.77,521,1.5,NE,Declined
3.39,380,1.0,MO,Declined
1.79,661,0.0,ID,Declined
4.66,764,3.0,SC,Accepted
2.94,583,0.0,VT,Accepted
2.7,714,0.0,GA,Accepted
1.86,793,0.0,NV,Declined
3.11,757,1.5,RI,Accepted
2.09,796,4.0,NV,Accepted
2.65,689,0.0,ME,Accepted
4.6,609,0.0,NC,Accepted
2.47,407,1.5,WI,Declined
3.47,570,1.0,MI,Accepted
1.99,498,1.5,ME,Declined
2.52,860,0.0,NM,Accepted
3.97,578,0.0,IL,Accepted
2.05,614,3.0,IL,Declined
4.0,666,1.5,VT,Accepted
3.12,605,0.0,NC,Accepted
2.1,803,3.0,IN,Accepted
3.06,525,3.0,MA,Declined
3.33,623,1.5,MT,Accepted
3.05,510,0.0,IL,Declined
1.29,441,4.0,NE,Declined
1.97,526,2.0,IN,Declined
2.35,595,0.0,CO,Declined
2.49,548,0.0,NH,Declined
3.05,516,0.0,NC,Accepted
2.69,431,0.0,ND,Declined
1.48,590,0.0,IN,Declined
2.85,419,0.0,AK,Declined
3.04,691,2.0,PA,Accepted
3.0,609,0.0,WI,Accepted
3.41,425,2.0,UT,Declined
3.22,562,4.0,IN,Accepted
2.92,509,2.0,DE,Declined
2.49,638,1.0,CO,Declined
1.22,760,1.0,SC,Declined
2.89,374,1.5,LA,Declined
2.72,613,1.5,NC,Declined
2.77,580,5.0,VA,Declined
1.53,680,0.0,MS,Declined
1.69,625,4.0,OK,Declined
3.39,509,2.0,MN,Declined
2.52,561,1.5,CA,Accepted
3.1,504,2.0,NY,Declined
2.57,729,0.0,MD,Accepted
2.57,602,0.0,ND,Accepted
3.3,828,3.0,ME,Accepted
2.14,592,5.0,KY,Accepted
2.63,514,2.5,SD,Declined
2.18,418,0.0,SC,Declined
2.2,383,5.0,VA,Declined
2.3,409,1.0,AK,Declined
2.73,632,0.0,AK,Accepted
2.17,661,0.0,MT,Declined
3.55,410,1.5,WY,Accepted
1.83,707,2.0,MS,Declined
2.4,542,0.0,OK,Declined
2.2,617,0.0,MT,Declined
3.71,793,1.0,UT,Accepted
2.71,707,0.0,NV,Accepted
3.38,567,2.5,NH,Accepted
1.36,493,1.0,GA,Declined
2.76,341,2.0,VT,Declined
3.26,513,0.0,SC,Accepted
2.62,574,2.0,NH,Accepted
3.4,481,2.0,OR,Declined
2.14,584,1.5,VA,Declined
3.68,609,0.0,CA,Accepted
4.39,573,2.0,PA,Accepted
2.26,521,5.0,MO,Declined
2.19,620,0.0,KS,Declined
3.71,653,4.0,OK,Accepted
3.81,469,0.0,WI,Accepted
2.13,769,0.0,IA,Accepted
2.21,588,3.0,MT,Accepted
2.32,602,1.0,IL,Declined
1.47,684,1.0,MO,Declined
1.82,627,0.0,WA,Declined
1.75,714,1.0,GA,Accepted
1.94,634,0.0,OK,Declined
2.52,526,1.5,SC,Declined
2.74,643,0.0,UT,Accepted
3.79,462,3.0,VA,Accepted
1.75,613,5.0,IN,Accepted
3.34,596,1.5,MO,Accepted
2.38,575,2.5,NC,Declined
2.51,584,2.0,AZ,Declined
3.09,374,0.0,IL,Declined
1.65,534,2.5,AR,Declined
2.86,611,1.0,AL,Declined
2.68,619,1.0,IN,Accepted
2.94,476,0.0,ND,Declined
2.78,751,1.5,ND,Accepted
4.51,496,0.0,NM,Accepted
2.04,716,2.0,SD,Declined
2.13,651,0.0,CA,Declined
2.05,522,2.0,KY,Declined
2.11,813,5.0,OH,Accepted
2.04,456,5.0,CO,Declined
3.5,710,2.5,MO,Accepted
3.69,720,0.0,IA,Accepted
2.09,519,1.5,NC,Declined
1.88,767,0.0,WV,Declined
2.93,569,0.0,GA,Accepted
2.11,634,3.0,WA,Accepted
3.06,631,2.0,GA,Accepted
2.71,583,1.0,WV,Declined
1.34,697,2.0,NV,Declined
3.79,695,1.0,CA,Accepted
3.99,390,0.0,NY,Accepted
2.06,756,2.5,VT,Accepted
2.24,400,0.0,MO,Declined
2.78,723,0.0,ID,Accepted
2.82,735,1.5,NH,Accepted
3.08,469,0.0,KY,Accepted
4.16,550,2.0,DE,Accepted
2.41,467,1.0,OH,Declined
1.91,574,1.0,KS,Declined
1.45,563,2.0,MO,Declined
1.97,693,1.5,AK,Declined
2.52,757,1.0,MO,Accepted
3.99,767,4.0,SC,Accepted
2.14,532,2.0,IA,Declined
2.73,574,1.0,MI,Declined
2.54,397,1.0,NC,Declined
3.5,503,1.5,DE,Accepted
4.57,715,1.5,MO,Accepted
2.13,793,0.0,SD,Declined
2.16,451,5.0,MS,Declined
3.39,528,1.5,AK,Accepted
3.1,596,1.0,AR,Declined
4.03,633,0.0,MA,Accepted
3.02,502,0.0,ID,Declined
2.26,650,1.0,NM,Accepted
3.02,543,1.5,WA,Declined
3.44,598,2.0,NM,Accepted
3.21,665,5.0,HI,Accepted
2.96,600,5.0,VT,Declined
3.4,547,1.0,TX,Accepted
3.49,586,1.5,OH,Accepted
3.66,589,0.0,DE,Accepted
3.07,555,0.0,IA,Accepted
2.42,568,0.0,CA,Declined
2.67,791,1.5,KY,Accepted
3.52,667,1.0,OR,Accepted
1.9,564,0.0,KS,Declined
2.84,683,0.0,IL,Accepted
2.24,559,1.5,IL,Declined
2.57,740,4.0,NC,Accepted
3.57,644,2.5,MS,Accepted
2.7,587,3.0,OH,Declined
2.59,653,0.0,IA,Accepted
1.46,411,1.5,WY,Declined
3.15,464,0.0,WA,Declined
3.07,456,2.0,SD,Declined
4.28,617,0.0,SD,Accepted
2.3,807,5.0,CA,Accepted
2.73,867,1.5,WY,Accepted
2.75,676,3.0,MS,Accepted
3.81,660,1.5,MA,Accepted
2.47,383,0.0,IA,Declined
2.77,534,1.0,KS,Accepted
3.04,505,1.5,IA,Declined
2.7,525,2.0,AR,Accepted
2.19,579,0.0,MA,Declined
2.71,543,2.0,MO,Accepted
3.41,362,0.0,KY,Declined
1.73,689,1.5,MA,Declined
2.66,471,0.0,AR,Declined
1.99,628,2.5,NM,Declined
3.51,848,2.0,VT,Accepted
1.33,489,0.0,CA,Declined
2.1,296,0.0,GA,Declined
2.85,565,1.0,ND,Accepted
3.8,732,0.0,SD,Accepted
2.5,835,0.0,WI,Accepted
2.11,452,1.0,TX,Declined
4.05,659,0.0,NH,Accepted
1.39,544,2.5,VT,Declined
0.79,587,0.0,OR,Declined
2.9,917,0.0,VA,Accepted
2.15,419,0.0,VA,Declined
1.73,630,2.0,DE,Declined
3.12,656,0.0,NE,Accepted
2.75,730,0.0,IA,Declined
2.1,611,0.0,NC,Declined
1.53,636,1.0,ND,Declined
3.25,553,4.0,HI,Accepted
3.07,632,1.5,WY,Accepted
2.47,558,0.0,NC,Declined
4.03,674,0.0,NE,Accepted
1.69,555,0.0,LA,Declined
1.33,645,1.5,IA,Declined
2.0,596,1.0,OH,Declined
2.51,735,1.0,AZ,Accepted
2.74,593,1.5,DE,Declined
2.36,387,1.0,IA,Declined
2.83,751,0.0,TN,Accepted
1.55,491,1.0,MS,Declined
3.71,521,1.5,MA,Accepted
2.48,528,0.0,MT,Declined
3.44,764,0.0,WY,Accepted
2.82,343,1.0,WI,Declined
2.92,976,1.0,NE,Accepted
3.01,726,0.0,ND,Accepted
2.91,626,1.0,RI,Declined
3.06,593,0.0,CA,Accepted
3.61,634,1.5,IA,Accepted
2.71,662,2.0,KY,Accepted
3.12,677,0.0,PA,Accepted
2.48,666,2.0,MT,Accepted
3.7,610,0.0,NY,Accepted
2.01,576,0.0,AK,Declined
3.99,581,0.0,CO,Accepted
2.52,576,3.0,LA,Declined
1.41,736,1.5,MT,Declined
2.65,671,1.0,HI,Declined
2.01,247,1.0,KY,Declined
3.22,678,4.0,WA,Accepted
2.03,623,0.0,AK,Accepted
2.19,597,2.0,NY,Accepted
1.04,553,5.0,OR,Declined
2.19,734,2.5,MO,Accepted
0.61,713,3.0,MI,Declined
1.28,507,1.5,CO,Declined
3.16,648,1.5,AK,Accepted
3.18,483,2.0,FL,Accepted
2.89,434,1.0,RI,Accepted
1.78,524,4.0,WI,Declined
2.51,703,1.5,NJ,Accepted
2.55,714,1.0,NM,Declined
1.62,661,1.0,VT,Declined
3.75,687,4.0,RI,Accepted
3.25,661,0.0,MN,Accepted
2.37,523,1.5,NE,Declined
2.57,651,2.5,TX,Accepted
2.72,696,1.5,ME,Accepted
0.92,690,3.0,NV,Declined
2.35,742,1.5,NV,Accepted
2.0,684,1.0,PA,Declined
1.75,642,0.0,MO,Declined
2.33,728,1.5,KS,Accepted
3.99,596,1.5,ND,Accepted
3.06,494,1.5,SD,Declined
2.09,580,2.0,MS,Declined
3.01,510,1.5,PA,Declined
