product,size,price,in_stock,category,date_added
gray sweater,Large,130.65,TRUE,Tops,
white tuxedo, m,455.58 ,unknown,Formal,11-Aug-2025
silver tie,L ,5010.0,FALSE,Accessories,08/20/2025
 navy blazer ,XXL,18842.5,FALSE,Formal,21-Aug-2024
white dress,XL,,N,Dresses,03/02/2025
black jeans,M,69.53,TRUE,Bottoms,03/25/2025
green hoodie,M,free,TRUE,Tops,2024-11-20
BLUE PANTS,L ,,Yes,Bottoms,2025-01-16
brown belt,XS,19.88,TRUE,Accessories,2026-05-10
blue pants,med,68.83 USD,Yes,Bottoms,12-Sep-2024
denim jacket,,21207.0,FALSE,Outerwear,06/08/2025
yellow skirt,L,103.15,TRUE,Bottoms,12/07/2024
black boots,XXL,274.25 USD,FALSE,Shoes,07/15/2025
green hoodie,XL,,TRUE,Tops,01/05/2025
black tuxedo,3XL,$765.56,TRUE,Formal,02/02/2025
sports socks,XS,7.86,TRUE,Accessories,09/02/2025
SILVER TIE,N,55.7,TRUE,Accessories,05/08/2025
Denim Jacket,S,"96,58",N,Outerwear,09-Mar-2025
white tuxedo,s,517.51,TRUE,Formal,2026-01-11T22:30:00
 silver tie ,L,63.27,TRUE,Accessories,10/10/2024
white tuxedo,XS,406.21,FALSE,Formal,2025-04-03
white dress,XS,197.54,FALSE,Dresses,09/20/2024
pink blouse,M,85.73,,Tops,04-Nov-2024
white sneakers,M,66.08,TRUE,Shoes,2025-06-13
white tuxedo,l,280.35,Y,Formal,25-Aug-2025
blue shirt,XXL,59.15,FALSE,Tops,14-Feb-2025
black boots,S,,,Shoes,06/11/2025
yellow skirt,L,63.93,,Bottoms,03-Feb-2025
blue pants,3XL,67.14 USD,FALSE,Bottoms,15-Aug-2024
white-sneakers  , L ,137.46,FALSE,Shoes,2025-10-06
black boots,XXL,156.55,FALSE,Shoes,27-Jan-2026
blue pants,One Size,87.49,FALSE,Bottoms,2024-11-27
brown belt,s,,TRUE,Accessories,
green hoodie,S,,,Tops,2026-01-31
gray sweater,L,$100.96,1,Tops,
LEATHER WALLET,S,81.13,TRUE,Accessories,17-Jan-2025
black boots,XXL,25426.0,TRUE,Shoes,12/10/2024
sports_socks ,,,T,Accessories,2025-08-12
 white tuxedo ,L,204.95,TRUE,Formal,05/02/2025
navy blazer,M,15180.000000000002,unknown,Formal,11-Jan-2025
black boots,s,222.46,TRUE,Shoes,2024-10-27T03:32:00
red shirt,L,57.79,FALSE,Tops,2025-06-08
khaki shorts,XXL,55.59,FALSE,Bottoms,22-Jan-2025
White Tuxedo,L,205.47,TRUE,Formal,2025-04-02
 white dress ,XS,132.39,TRUE,Dresses,26-May-2025
silver tie,M,49.26,,Accessories,2025-11-20
green hoodie,XXL,93.19,FALSE,Tops,26-Oct-2024
white sneakers,XL,91.63,TRUE ,Shoes,09/12/2024
navy blazer,XXL,141.77,FALSE,Formal,
blue shirt,xxl,53.1,,Tops,
black boots,L,292.93,TRUE,Shoes,26-Jun-2025
gray sweater,S,77.49,TRUE,Tops,03/11/2025
yellow skirt,XL,63.17,FALSE,Bottoms,21-Sep-2024
white dress, S ,221.47,TRUE,Dresses,2025-02-14
green hoodie,XXL,2795.0,FALSE,Tops,
,S,187.08,FALSE,,2025-02-23
pink-blouse  ,M,54.64,TRUE,Tops,04/04/2025
leather wallet,XL,87.94,FALSE,Accessories,10/14/2025
sports socks, m,6.68,TRUE,Accessories,2025-03-09
red shirt,S,33.49,FALSE,Tops,10/13/2025
gray_sweater ,XS,102.89,TRUE,Tops,2026-03-03
blue pants,XS,66.01,FALSE,Bottoms,08/15/2024
brown belt,M,36.19,T,Accessories,2025-08-08
leather wallet,XL,45.23,FALSE,Accessories,2024-12-26
??, M ,$34.80,TRUE ,Accessories,2025-11-18
blue shirt,M,52.03,TRUE,Tops,29-Oct-2024
black jeans,s,56.98,FALSE,Bottoms,07-Dec-2025
white sneakers,XXL,68.23  ,FALSE,Shoes,25-Sep-2024
BLUE PANTS,L ,,Yes,Bottoms,2025-01-16
yellow skirt,L ,71.85,TRUE,Bottoms,11/16/2025
BLUE PANTS,XL,55.85 USD,FALSE,Bottoms,12-Oct-2025
sports socks,M,free,FALSE,Accessories,12/17/2024
navy blazer,XS,346.83,,Formal,25-Feb-2025
white sneakers,L,free,1,Shoes,2026-03-08
denim jacket,L,189.69,FALSE,Outerwear,17-Jan-2025
khaki shorts,M,55.16,N,Bottoms,10/02/2025
leather wallet,XS,5361.0,0,Accessories,07-Jan-2025
black jeans,,,No,Bottoms,31-Aug-2025
sports socks,S,11.91,FALSE,Accessories,26-Jan-2026
navy blazer,l,380.99,TrUe,Formal,2026-05-28
denim jacket,M,62.65,False,Outerwear,2024-10-09T16:02:00
yellow skirt,N,-80.55,TRUE,Bottoms,10-Mar-2025
navy blazer,Large,373.5,N,Formal,2025-11-06
navy blazer, xxl ,190.07,FALSE,Formal,2025-03-15
silver tie,M,-46.95,TRUE,Accessories,21-Feb-2025
GREEN HOODIE,S,,TRUE,Tops,11/03/2025
Denim Jacket,XL,153.34  ,No,Outerwear,2024-11-26
gray sweater,S,106.86,TRUE,Tops,08/19/2024
leather wallet,L,75.6,FALSE,Accessories,04/01/2025
Silver Tie,L ,47.96,N,Accessories,31-May-2025
yellow skirt,XS,free,FALSE,Bottoms,
blue pants,XS,75.80 USD,No,Bottoms,12/14/2024
white_dress ,L,"195,87",unknown,Dresses,22-Dec-2025
silver tie,L,31.62,T,Accessories,19-Sep-2025
red shirt,XXL,free,TRUE,Tops,2024-10-10
blue pants,L,4403.0,FALSE,Bottoms,01/02/2026
green hoodie,XL,,FALSE,Tops,02/26/2025
pink blouse,L,71.4,FALSE,Tops,09/13/2024
Green Hoodie,XL,80.05,TRUE,Tops,2025-08-12
red shirt,XL,55.16,FALSE,Tops,07-Apr-2025
White Tuxedo,XL,$279.37,TRUE,Formal,12-Nov-2024
silver tie,XS,60.07,FALSE,Accessories,01/01/2026
khaki shorts,XXL,34.06,TRUE,Bottoms,17-May-2025
green hoodie,XS,"43,360",No,Tops,10/13/2025
SILVER TIE,XXL,43.83 USD,FALSE,Accessories,
sports socks,M,14.9,0,Accessories,05/16/2025
RED SHIRT,,3975.0,TRUE,Tops,2024-10-26
sports socks,XS,9.84,TRUE,Accessories,07/27/2025
white tuxedo,S,289.85,FALSE,Formal,05-Oct-2025
red shirt,M,"45,73",FALSE,Tops,2025-07-15
??,XL,431.38,FALSE,Accessories,2024-10-19
black tuxedo,x l,694.15,FALSE,Formal,12/18/2024
pink blouse, m,68.08,FALSE,Tops,01/31/2025
pink blouse,L,4134.0,TRUE,Tops,12/25/2025
unknown product,XXL,61.45,TRUE,Outerwear,06/22/2025
sports  socks,s,,FALSE,Accessories,05/17/2025
pink blouse,XL,65.56,FALSE,Tops,
black boots,xxl,,TRUE,Shoes,2026-01-17
red shirt,L,58.04,FALSE,Tops,10-Sep-2025
white dress,L,,,Dresses,2024-10-04
white_tuxedo ,xs,397.54,TRUE,Formal,
blue shirt,x l,51.85,TRUE,Tops,20-Aug-2024
white-sneakers  , L ,137.87,FALSE,Shoes,2025-10-06
black tuxedo,L,,FALSE,Formal,13/40/2024
white sneakers,XS,153.93 USD,,Shoes,2024-10-03
white tuxedo,N,229.92,FALSE,Formal,2026-01-17
yellow skirt, M ,79.27,TRUE,Bottoms,2025-07-26
black boots,L,109.92,TRUE,Shoes,2025-04-13
silver tie,XXL,52.82,FALSE,Accessories,05/26/2025
Blue Shirt,XL,,TRUE,Tops,01/07/2025
khaki shorts, XS ,"35,25",TRUE,Bottoms,2025-04-26T08:40:00
black jeans,XS,47.16,TRUE ,Bottoms,2025-01-08
black boots,m,150.67,FALSE,Shoes,2024-09-05
silver tie, m,63.22,FALSE,Accessories,08-Nov-2024
yellow skirt,xs,107.2  ,TRUE,Bottoms,04/25/2025
yellow skirt,XXL,56.82,N,Bottoms,2025-10-14
??,S,117.35,TRUE,Tops,29-Sep-2024
khaki shorts,S,72.31,FALSE,Bottoms,15-Sep-2025
navy blazer,L,231.21,,Formal,30-Jul-2025
leather wallet,,,TRUE,Accessories,2025-12-05
blue shirt,M,43.88,FALSE,Tops,2025-11-04
sports socks,S,22.85,FALSE,Accessories,07-Jan-2026
white dress,XS,191.69 USD,Yes,Dresses,11/19/2025
denim jacket, XL ,128.84,FALSE,Outerwear,05-Oct-2024
Pink Blouse,M,91.01,N,Tops,2025-01-12
sports socks,L,9.6,TRUE,Accessories,2025-07-14
,S,104.28,FALSE,Bottoms,11/01/2024
Brown Belt,S,,FALSE,Accessories,11/21/2024
black boots,XL,141.98,FALSE,Shoes,17-Jun-2025
black tuxedo,XS,532.37,FALSE,Formal,17-Sep-2024
black jeans,L,,FALSE,Bottoms,2024-11-20T23:24:00
green hoodie,L,68.5,TRUE,Tops,
WHITE DRESS,XXL,139.25,TRUE,Dresses,06/21/2025
silver tie,XL,54.45,FALSE,Accessories,22-Jan-2026
khaki shorts,XS,42.05,TRUE,Bottoms,13-Nov-2024
red shirt,L,"43,200",TrUe,Tops,2026-04-14
khaki shorts,M,61.12,FALSE,Bottoms,09/09/2024
blue pants,XS,46.4, false,Bottoms,2024-12-23
gray sweater,M,58.49,FALSE,Tops,11/17/2025
sports socks,XS,,TRUE,Accessories,04/28/2025
green hoodie,x l,free,,Tops,2026-02-13
blue shirt,Large,58.26,TRUE,Tops,2026-05-01
,XXL,35.0,TRUE,Tops,2025-05-28
denim jacket, XL ,132.91,FALSE,Outerwear,05-Oct-2024
leather wallet,,,TRUE,Accessories,2025-12-05
white tuxedo,xl,624.92,,Formal,06/25/2025
 black tuxedo ,XS,816.49,FALSE,Formal,2024-08-22
yellow skirt,S,81.67,unknown,Bottoms,25-Mar-2025
denim_jacket,XS,187.23,TRUE,Outerwear,13-Mar-2025
black boots,l,200.82,FALSE,Shoes,09/30/2025
red shirt,M,303.5,TRUE,Tops,12-Nov-2024
navy blazer,XL,279.62,FALSE,Formal,15-Jul-2025
green hoodie,M,40.47,TRUE,Tops,25-Aug-2024
 black tuxedo ,S,$701.09,,Formal,2025-01-23
white tuxedo,S,241.21,TRUE,Formal,2024-10-21
black tuxedo,Large,277.23,TRUE,Formal,2024-11-26
silver tie,S,,FALSE,Accessories,2025-03-01
pink blouse,XXL,-82.11,,Tops,02-Dec-2024
pink blouse, S ,,FALSE,Tops,2025-10-25
brown belt,s,,TRUE,Accessories,01-Feb-2025
silver tie, XS ,"23,67",,Accessories,10-Nov-2024
green hoodie,XS,84.28,FALSE,Tops,27-Jun-2025
yellow skirt,XXL,,1,Bottoms,2026-02-12
Denim Jacket,XS,6823.999999999999,,Outerwear,2026-04-04
denim jacket,m,87.12,TRUE,Outerwear,2025-11-12
, m,46.74,unknown,Accessories,2025-11-03
Black Boots,XXL,,Y,Shoes,02-Oct-2025
leather wallet,L ,,TRUE,Accessories,2026-05-29
blue pants,XS,89.99,,Bottoms,2024-11-10
blue pants,s,83.49,FALSE,Bottoms,2025-11-08
black tuxedo,XS,824.7,,Formal,08-Oct-2024
??,XS,58.05,FALSE,Outerwear,2025-06-03
silver tie, S ,60.55,FALSE,Accessories,2026-04-12
denim jacket,M,free,unknown,Outerwear,2025-05-19T01:40:00
gray sweater,M,101.34,N,Tops,10/01/2025
white sneakers,XXL,120.95,TRUE,Shoes,06/16/2025
White Sneakers,XS,166.76,FALSE,Shoes,06/28/2025
blue shirt,S,52.3,Y,Tops,2026-02-06
Black Jeans,XXL,109.91,TRUE,Bottoms,01-May-2025
red shirt,XXL,54.22,TRUE,Tops,2025-03-21
gray sweater,XXL,42.06,TRUE,Tops,2026-03-12
denim jacket,xl,197.72,FALSE,Outerwear,2025-02-12
blue pants,M,70.75,FALSE,Bottoms,2024-11-09
,med,-82.17,TRUE,Tops,01/01/2025
gray sweater,L ,65.46,FALSE,Tops,2025-11-02
 denim jacket ,XXL,$143.56,FALSE,Outerwear,21-Feb-2025
black jeans,XXL,,FALSE,Bottoms,26-Jun-2025
black jeans,XL,free,FALSE,Bottoms,2025-05-03
silver tie,XS,31.16,FALSE,Accessories,14-Nov-2024
??,XL,64.53,FALSE,Outerwear,26-Dec-2024
pink blouse,L,109.56,No,Tops,2024-12-18
blue shirt,,54.83,unknown,Tops,
Silver Tie,s,23.97,1,Accessories,2024-09-25
yellow skirt,XL,"105,32",Y,Bottoms,2024-10-19
yellow skirt,M,66.20 USD,,Bottoms,26-Feb-2025
WHITE TUXEDO,XL,511.35,TRUE,Formal,
pink blouse,med,,FALSE,Tops,13/40/2024
navy blazer,XL,,unknown,Formal,12-Nov-2025
blue shirt,XXL,31.53,TRUE,Tops,13-Oct-2024
denim jacket,m,117.76,TRUE,Outerwear,2025-10-04
yellow skirt,xs,107.2  ,TRUE,Bottoms,04/25/2025
BLUE PANTS,S,66.61 USD,Y,Bottoms,29-Dec-2024
sports socks,N,10.77,FALSE,Accessories,2025-08-29
blue shirt,L,,TRUE,Tops,2025-06-17
white tuxedo,L,210.98,TRUE,Formal,21-Jul-2025
sports socks,S,23.35,FALSE,Accessories,07-Jan-2026
DENIM JACKET, m,132.35,Yes,Outerwear,10/21/2024
black boots,x l,248.72,TRUE,Shoes,23-Jul-2025
brown belt,N,,FALSE,Accessories,2025-01-20
unknown product,M,111.22,FALSE,Tops,21-Oct-2024
denim jacket,Large,64.88,FALSE,Outerwear,2024-09-30T16:14:00
YELLOW SKIRT, M ,36.83,,Bottoms,24-Sep-2024
Black Tuxedo,N,336.08,TrUe,Formal,04/02/2025
silver tie,N,36.65,FALSE,Accessories,23-Mar-2025
NAVY BLAZER,M,348.88,TRUE,Formal,01-Dec-2025
black tuxedo,L,free,FALSE,Formal,2025-08-27
white tuxedo,Large,,1,Formal,02-Dec-2025
gray sweater,M,85.08,FALSE,Tops,08/16/2024
brown belt,M,46.05,FALSE,Accessories,06/04/2025
blue shirt,M,44.89,TRUE,Tops,2026-01-13
green hoodie,M,68.33,TRUE,Tops,10/17/2025
Black Boots,S,196.29,unknown,Shoes,2025-05-27
gray sweater,L,110.37,N,Tops,2025-01-22
unknown product,S,154.64,TRUE,Bottoms,2025-02-04
white dress,XL,-171.49,unknown,Dresses,18-Dec-2024
green hoodie,M,56.61 USD,FALSE,Tops,17-Aug-2025
brown belt,L,33.75,TRUE,Accessories,16-Mar-2025
sports socks,XS,10.04,FALSE,Accessories,2026-05-07
,,72.53, false,Accessories,2025-12-09
gray sweater,M,127.67,FALSE,Tops,2025-10-17
green hoodie,XS,40.59  ,TRUE,Tops,27-Jul-2025
DENIM JACKET,XXL,147.8,FALSE,Outerwear,24-Dec-2024
blue pants,XL,-42.32,FALSE,Bottoms,2026-01-15
sports socks,L,11.46,TRUE,Accessories,2025-10-25
denim jacket,med,186.27,TRUE,Outerwear,2025-09-14
navy blazer,XS,173.39,TRUE,Formal,2026-05-25
brown belt,x l,53.16  ,TRUE,Accessories,2025-06-07
green hoodie,l,5047.0,TRUE,Tops,2024-10-02
green hoodie,XL,48.98,1,Tops,03/16/2025
silver tie,XS,31.98,TRUE,Accessories,2024-08-22
silver tie,M,51.59,0,Accessories,12/31/2024
white tuxedo,s,252.99,FALSE,Formal,2025-02-07T14:32:00
black boots,L,-270.75,TRUE,Shoes,09/24/2025
green hoodie,S,45.63 ,TRUE,Tops,01/30/2026
black tuxedo,XL,"681,73",TRUE,Formal,19-Aug-2024
brown belt,L,-17.37,TRUE,Accessories,25-Sep-2024
white tuxedo,S,316.05,TRUE,Formal,2025-07-29
sports socks,S,224.4,FALSE,Accessories,04-Aug-2025
green hoodie,x l,74.53  ,No,Tops,11/09/2024
Red Shirt,L,358.29999999999995,TRUE,Tops,30-Jan-2026
gray sweater,One Size,123.89,TRUE,Tops,11-Dec-2024
leather wallet,One Size,4800.0,unknown,Accessories,05-Dec-2025
red shirt, XXL ,27.49,No,Tops,13-Oct-2024
silver tie,M,-46.95,TRUE,Accessories,21-Feb-2025
yellow skirt,XL,38.33,,Bottoms,10/28/2024
black tuxedo,M,,0,Formal,04-Oct-2025
blue shirt,XXL,,T,Tops,2024-10-16
navy blazer,,140.73,TRUE,Formal,2024-10-26
white tuxedo,s,$603.55,Y,Formal,2025-07-03
white sneakers,S,115.0,FALSE,Shoes,05/18/2025
green hoodie,XXL,$83.87,TRUE,Tops,09-Oct-2025
gray sweater,XS,115.24,FALSE,Tops,2025-06-15
White Dress,s,171.0,Y,Dresses,02-Sep-2024
leather wallet, L ,-91.89,FALSE,Accessories,28-Sep-2025
green hoodie,XL,"86,18",TRUE,Tops,16-Sep-2025
khaki shorts,XS,30.52  ,N,Bottoms,06/13/2025
sports socks,L ,18.92,FALSE,Accessories,2025-04-23
white dress,xs,190.37,TRUE,Dresses,2025-07-15
blue shirt,XXL,57.88,TRUE,Tops,12/03/2025
leather wallet,L,91.59,TRUE,Accessories,17-Aug-2024
,S,$33.48,TRUE,Outerwear,25-Oct-2024
black_tuxedo,M,$549.12,FALSE,Formal,2025-03-16
White Tuxedo,XL,"530,78",FALSE,Formal,2024-12-21
sports socks,XXL,22.11,TRUE,Accessories,12/18/2025
Navy Blazer,XL,,TRUE,Formal,
green hoodie,XXL,75.3,FALSE,Tops,2025-11-14
gray sweater, L ,86.08,No,Tops,2025-09-19
pink blouse, M ,57.89,,Tops,14-Jul-2025
black tuxedo,S,$623.42,TRUE,Formal,2025-12-26
white sneakers,XS,144.99,TRUE,Shoes,2026-01-26
khaki shorts,L,30.8,TRUE,Bottoms,04/27/2025
gray sweater,L,free,unknown,Tops,11/20/2025
khaki shorts,,33.06 USD,TRUE,Bottoms,2025-07-19
yellow skirt,XS,-49.88,unknown,Bottoms,
brown belt,S,23.46,FALSE,Accessories,2024-08-17
WHITE SNEAKERS,S,149.63,N,Shoes,24-Dec-2025
PINK BLOUSE,M,35.97,unknown,Tops,2025-07-23
NAVY BLAZER,L ,188.32, false,Formal,2024-11-04T18:06:00
green hoodie,XL,85.53,TRUE,Tops,2025-05-16
pink-blouse ,S,5361.0,FALSE,Tops,2025-05-17
sports socks,S,18.27,FALSE,Accessories,2026-05-07
WHITE TUXEDO,L,,FALSE,Formal,10/24/2025
black tuxedo,XL,724.84,TRUE,Formal,2025-07-04
WHITE DRESS,XL,251.06,,Dresses,01/27/2026
blue pants,XL,$63.71,FALSE,Bottoms,
,s,56.18 ,TRUE,Outerwear,2025-04-29
white dress,L,161.23,FALSE,Dresses,
denim jacket,M,192.63,TRUE,Outerwear,03-Feb-2025
white dress,L,245.45,TRUE,Dresses,06-Aug-2025
denim jacket,XXL,188.56,TRUE,Outerwear,10/24/2025
leather wallet,L ,46.34,TRUE,Accessories,31-Dec-2025
white dress,XL,208.63,FALSE,Dresses,26-Jun-2025
pink blouse,XS,88.2,FALSE,Tops,02/04/2025
black boots,xs,,FALSE,Shoes,
khaki shorts,,26.8,FALSE,Bottoms,09/24/2025
white tuxedo,S,439.11 ,N,Formal,11-Oct-2025
pink blouse,M,,TRUE,Tops,07/23/2025
pink blouse,XXL,36.71,FALSE,Tops,2026-03-26
white tuxedo,L,273.32,unknown,Formal,21-Jan-2026
yellow skirt,med,51.77,TRUE,Bottoms,29-Mar-2025
,XXL,110.72,FALSE,Formal,08/18/2024
gray sweater,XXL,"102,030",F,Tops,29-Oct-2024
navy blazer,M,"198,010",FALSE,Formal,24-Dec-2024
,XL,38.34 USD,TRUE,Bottoms,07/13/2025
leather wallet,S,82.55,FALSE,Accessories,27-Dec-2024
black-jeans, XS ,87.73,TRUE,Bottoms,2024-09-12
gray sweater,XL,456.4,FALSE,Tops,10/30/2025
black jeans,XXL,78.34,,Bottoms,2025-10-30
denim jacket,XS,78.8,unknown,Outerwear,2025-07-08
white sneakers,XXL,112.44,TRUE,Shoes,2024-10-27
yellow skirt,S,33.45,FALSE,Bottoms,2026-01-08
Gray Sweater,XS,131.99 USD,,Tops,
WHITE SNEAKERS,M,61.28,TRUE,Shoes,2025-02-04
white sneakers,XXL,51.73,TrUe,Shoes,01/26/2026
black_tuxedo,M,$549.12,FALSE,Formal,2025-03-16
leather wallet,xxl,38.38,TRUE,Accessories,21-Oct-2025
blue shirt,xs,"33,81",FALSE,Tops,2025-01-31
red shirt,Large,35.66,FALSE,Tops,2025-04-22
yellow skirt, XS ,71.14,FALSE,Bottoms,2025-03-31
blue-pants,S,,TRUE,Bottoms,2025-10-16T22:08:00
yellow skirt,S,5259.5,,Bottoms,26-Nov-2025
silver  tie,XS,59.95,0,Accessories,02/21/2025
blue pants,M,833.5,FALSE,Bottoms,2025-02-10
leather wallet,XL,111.86,TRUE,Accessories,03/02/2025
white dress,S,143.65,FALSE,Dresses,2026-03-17
red shirt,XXL,30.48,FALSE,Tops,2026-04-02
white tuxedo,3XL,465.6,FALSE,Formal,01/26/2026
silver tie,L,39.15,TRUE,Accessories,2025-01-20T03:26:00
black boots,XXL,,,Shoes,29-Jan-2025
blue pants,XL,69.93,TRUE,Bottoms,25-Sep-2024
red shirt,M,43.3,TRUE,Tops,2025-07-08
,XL,-28.83,TRUE,Formal,2025-04-28
white tuxedo,XXL,621.57,N,Formal,2026-03-25
blue pants,S,,TRUE,Bottoms,18-Dec-2025
blue pants,XXL,89.24,FALSE,Bottoms,01/15/2025
pink blouse,L,68.36,TRUE,Tops,01-Jan-2026
blue shirt,XXL,25.46,FALSE,Tops,01/23/2026
white  dress,s,-238.28,TRUE,Dresses,11-Sep-2025
khaki shorts,XL,64.91,FALSE,Bottoms,24-Jan-2026
brown belt, XL ,38.61,,Accessories,2026-05-02
blue pants,XL,56.9,FALSE,Bottoms,19-Sep-2024
black boots,,-269.26,FALSE,Shoes,23-Jan-2025
black boots,L,275.31,,Shoes,25-Jun-2025
khaki shorts,XXL,32.8,TRUE,Bottoms,09/02/2025
sports socks,XL,17.75,TRUE,Accessories,2026-04-26
navy blazer,S,263.27,TRUE,Formal,2025-03-31
pink-blouse,S,92.72,TRUE,Tops,2025-11-01
 khaki shorts ,XS,-73.47,TRUE,Bottoms,12-Mar-2025
black boots,Large,14421.5,,Shoes,2025-05-01
red shirt,XL,,Yes,Tops,12/17/2024
brown belt,XL,47.39,FALSE,Accessories,09/18/2025
white tuxedo,XL,523.57,Y,Formal,04-Jun-2025
unknown product,M,50.74,FALSE,Tops,2025-08-29
pink blouse,XL,96.71,FALSE,Tops,02/17/2025
black tuxedo,3XL,free,FALSE,Formal,02/15/2025
brown belt,L,30.06,FALSE,Accessories,2026-02-23
black boots,M,105.72,,Shoes,08/22/2024
white-dress,M,164.7,0,Dresses,not a date
gray sweater,L ,44.52,TRUE,Tops,2026-05-07
black jeans,S,72.65,unknown,Bottoms,2025-05-12T18:02:00
brown belt,XS,,,Accessories,13-Oct-2025
leather wallet,N,free,TRUE,Accessories,15-Apr-2025
gray sweater,XL,123.24,TRUE,Tops,09-Dec-2025
white dress,XL,177.32,FALSE,Dresses,17-Sep-2025
 pink blouse ,XL,62.38,F,Tops,03/08/2025
silver tie,XS,24.58,FALSE,Accessories,08/03/2025
leather wallet,XS,103.14,Y,Accessories,14-Aug-2024
pink blouse, m,,FALSE,Tops,2024-08-25
navy  blazer  ,s,396.55,TRUE,Formal,2025-06-09
khaki shorts,L,31.37,TRUE,Bottoms,28-Feb-2025
leather wallet,,76.64,FALSE,Accessories,2025-10-25
silver tie, L ,-31.5,TRUE,Accessories,08/24/2024
blue pants,XXL,54.09,TRUE,Bottoms,01/08/2026
khaki shorts,XXL,"32,520",FALSE,Bottoms,2025-04-17
black boots,L,205.88,TRUE,Shoes,2024-11-09
sports socks,XS,24.96,T,Accessories,2026-02-10
black boots,S,84.37,FALSE,Shoes,31-Aug-2024
brown belt,M,22.41,FALSE,Accessories,04/24/2025
Black Tuxedo,XS,220.27,FALSE,Formal,
red shirt,XL,$47.59,unknown,Tops,2026-04-06
brown belt,med,49.34,TRUE,Accessories,2024-12-09
silver tie,XL,,TRUE,Accessories,2026-02-27
sports_socks,L,5.18,0,Accessories,2025-10-23
pink blouse,l,45.25 USD,FALSE,Tops,2025-06-23
black boots,XS,286.89 USD,FALSE,Shoes,2025-09-27
brown belt,M,44.28,FALSE,Accessories,23-Nov-2025
,N,93.94 USD,FALSE,Accessories,14-Mar-2025
black jeans,S,,FALSE,Bottoms,2025-09-22
denim jacket,,206.12,FALSE,Outerwear,29-Jan-2025
 red shirt ,XXL,35.4, false,Tops,2025-03-17
black tuxedo,M,276.81,,Formal,24-Oct-2025
denim jacket,XS,204.19,TRUE,Outerwear,2025-05-29
black tuxedo,L,-385.31,TRUE,Formal,2025-08-31
blue shirt,XXL,36.16,FALSE,Tops,10-Apr-2025
gray sweater,XL,"106,00",1,Tops,02-Mar-2025
navy blazer,XXL,-370.75,FALSE,Formal,05-Nov-2024
silver tie,XS,39.44,TRUE,Accessories,01/08/2025
black boots,,-269.26,FALSE,Shoes,23-Jan-2025
navy blazer,S,,TRUE,Formal,12/02/2025
BLACK TUXEDO,M,605.75,FALSE,Formal,2025-11-05T20:59:00
silver tie,S,,FALSE,Accessories,
yellow skirt,L,76.9,,Bottoms,2025-03-08
white tuxedo,xs,21873.5,,Formal,09/03/2024
black tuxedo,S,306.38,TRUE,Formal,04/18/2025
white tuxedo,M,323.03,TrUe,Formal,10/06/2025
white dress,M,,N,Dresses,09/10/2024
silver tie,XL,41.29,FALSE,Accessories,14-Sep-2024
black jeans,XXL,54.52,unknown,Bottoms,2025-04-05
black tuxedo,s,561.92,TRUE,Formal,05/01/2025
black boots,S,150.11,FALSE,Shoes,2025-07-27
White Tuxedo,XL,480.3,unknown,Formal,
black boots,M,198.66,0,Shoes,24-Jun-2025
navy blazer,,374.61,TRUE,Formal,2025-08-03T07:41:00
red shirt,XXL,56.15,TRUE,Tops,12/08/2024
black tuxedo,M,69451.0,TRUE,Formal,2024-09-10
white sneakers,XL,16366.999999999998,FALSE,Shoes,05/16/2025
red shirt,S,44.13,FALSE,Tops,2024-08-27
BLACK JEANS,XL,98.36,TRUE,Bottoms,2025-12-04
navy blazer,L,-365.66,FALSE,Formal,09/03/2025
pink blouse,xl,"112,140",FALSE,Tops,01/10/2025
red shirt,S,"55,59",Yes,Tops,08/10/2025
DENIM JACKET,M,"217,86",TRUE,Outerwear,11-Jan-2025
yellow skirt,M,104.62,N,Bottoms,09/28/2025
red shirt,S,,TRUE,Tops,2024-12-04T14:07:00
black boots,XL,210.95,FALSE,Shoes,10/30/2024
brown belt,xs,33.96,FALSE,Accessories,not a date
 blue pants ,N,63.13,TRUE,Bottoms,17-Oct-2025
black boots,,220.08,FALSE,Shoes,2024-08-12
blue shirt,XL,,unknown,Tops,2025-06-28
gray sweater,XL,129.03,,Tops,03-Dec-2024
black boots,XS,$138.36,TRUE,Shoes,26-Jan-2026
navy blazer,XL,231.24,FALSE,Formal,05/15/2025
green hoodie,S,$45.92,,Tops,13/40/2024
Sports Socks,x l,"16,04",1,Accessories,2025-09-04
leather wallet,L,"75,25",TRUE,Accessories,
brown belt,XL,free,unknown,Accessories,2025-07-19
sports socks,L,15.85,TRUE,Accessories,2025-12-22
blue_pants  ,L,,TRUE,Bottoms,08-Mar-2025
khaki shorts,XXL,35.33,TRUE,Bottoms,09/02/2025
red shirt, S ,49.57,TRUE,Tops,28-Apr-2025
yellow skirt,M,71.95,TRUE,Bottoms,2026-01-12
Black Jeans,S,$45.39,FALSE,Bottoms,2025-03-28
red shirt,S,28.2,TRUE,Tops,21-May-2025
silver tie,med,26.07,FALSE,Accessories,07/18/2025
Navy Blazer,XS,$231.40,,Formal,12/18/2024
white tuxedo,XS,310.41,FALSE,Formal,10/21/2025
gray sweater,XL,48.02,FALSE,Tops,14-Jun-2025
gray sweater,L,97.63,FALSE,Tops,27-May-2025
silver tie,,60.06,TRUE,Accessories,24-Oct-2024
navy blazer,XL,,TRUE,Formal,2025-04-22
silver  tie ,L,,Yes,Accessories,
blue pants,L,71.16,,Bottoms,01/15/2025
silver  tie ,XL,-19.72,,Accessories,03-Sep-2024
white dress,s,242.46,unknown,Dresses,10/16/2024
green hoodie,XS,51.25,N,Tops,22-Oct-2024
unknown product,Large,26.43,No,Outerwear,03/07/2025
khaki shorts,XS,25.77,TRUE,Bottoms,22-Apr-2025
khaki shorts,s,48.58,TRUE,Bottoms,06/02/2025
gray sweater,XXL,50.11,FALSE,Tops,02/03/2025
green hoodie,M,59.54 USD,TRUE,Tops,
black boots,xs,,FALSE,Shoes,
blue shirt,,54.46,TRUE,Tops,2025-04-21
navy blazer,S,216.98,,Formal,
blue shirt,L,59.55,TRUE,Tops,12/19/2024
 blue shirt ,M,53.45,FALSE,Tops,05-Jan-2025
,XS,1952.4999999999998,TRUE,Shoes,09/04/2024
pink blouse,XL,62.22,FALSE,Tops,
red shirt,XS,33.32,TRUE,Tops,2025-12-06T01:18:00
pink blouse, M ,57.89,,Tops,14-Jul-2025
red  shirt  ,M,45.42,TRUE,Tops,14-May-2025
Black Jeans,L,86.97,FALSE,Bottoms,09/22/2024
khaki shorts,xl,52.72,FALSE,Bottoms,2025-02-17
white sneakers,N,149.17,TRUE,Shoes,11/03/2025
blue pants,N,-73.18,,Bottoms,08/10/2024
gray sweater,XS,45.18,N,Tops,12/15/2024
white sneakers,L,-160.5,FALSE,Shoes,09/14/2025
black-tuxedo ,XXL,226.56,FALSE,Formal,10/20/2024
blue pants,s,$48.72,,Bottoms,2026-04-03
sports socks,S,21.77,FALSE,Accessories,2025-06-26
leather wallet, XL ,78.69,,Accessories,01/02/2025
silver tie,,23.63,0,Accessories,09-Feb-2025
yellow skirt,L,62.07,FALSE,Bottoms,20-Jun-2025
red shirt,L,29.47,Yes,Tops,12/15/2024
WHITE DRESS,XXL,188.52,FALSE,Dresses,2025-09-08
 brown belt ,XXL,44.13,unknown,Accessories,08/31/2025
khaki shorts,XXL,51.97,TrUe,Bottoms,09/09/2025
gray sweater,XS,-43.67,FALSE,Tops,11/01/2024
LEATHER WALLET,M,118.75,TRUE,Accessories,2025-06-12
blue-pants  ,s,free,FALSE,Bottoms,28-Dec-2025
gray sweater,XS,53.98,TRUE,Tops,26-Nov-2024
Black Tuxedo,L,427.96,unknown,Formal,07/04/2025
khaki shorts,x l,40.04,FALSE,Bottoms,04/19/2025
red shirt,med,33.3,0,Tops,02/02/2025
khaki shorts,x l,39.68,TRUE,Bottoms,01-May-2025
green hoodie,XL,55.09,0,Tops,2025-03-14
brown belt,S,"53,80",No,Accessories,28-Oct-2025
Red Shirt, S ,"36,38",FALSE,Tops,10/14/2024
SILVER TIE,S,-50.7,TRUE,Accessories,07-Mar-2025
navy blazer,XL,177.77,TRUE,Formal,19-Dec-2024
Blue Pants,S,87.27,TRUE,Bottoms,01/29/2026
gray sweater,Large,130.65,TRUE,Tops,
denim jacket,XXL,,FALSE,Outerwear,08/01/2025
navy blazer,XS,3314.4,,Formal,10-Oct-2025
blue pants,XS,85.77,TRUE,Bottoms,09-Sep-2024
black tuxedo,M,770.29,Y,Formal,08/30/2025
white sneakers,L,,,Shoes,30-Sep-2024
white sneakers, m,102.06 USD,FALSE,Shoes,04/16/2025
navy blazer,S,371.6,N,Formal,12-May-2025
white tuxedo,M,free,FALSE,Formal,2024-09-20
black boots,L,305.2,TRUE,Shoes,25-Apr-2025
blue shirt,XL,-49.59,FALSE,Tops,2025-05-02T13:25:00
brown belt,x l,21.07,TRUE,Accessories,2024-11-24T02:41:00
silver  tie,XS,59.95,0,Accessories,02/21/2025
white  dress,XS,165.56,FALSE,Dresses,2025-09-25
white tuxedo,One Size,,,Formal,12/20/2024
white sneakers,XXL,"149,45",FALSE,Shoes,2025-12-19
khaki shorts,,,TRUE,Bottoms,
,XS,73.3,No,,10/04/2025
pink blouse, XS ,86.64,TRUE,Tops,20-Oct-2024
navy blazer,N,337.4,,Formal,07/25/2025
pink blouse,XXL,free, false,Tops,03-Sep-2025
red shirt,M,45.32,FALSE,Tops,09/05/2025
black jeans,XXL,,FALSE,Bottoms,2025-06-22
yellow skirt,S,102.68,TRUE,Bottoms,2025-09-08
pink blouse,XXL,,FALSE,Tops,2026-05-24
green hoodie,Large,83.93 USD,FALSE,Tops,2025-06-08T00:53:00
Leather Wallet,M,119.68,N,Accessories,2024-11-27
pink blouse,XL,51.89 USD,TRUE,Tops,2026-04-02
sports socks,XXL,15.11,1,Accessories,2026-03-05
leather wallet,L,60.84,TRUE,Accessories,12-Jul-2025
Denim Jacket,XL,153.34  ,No,Outerwear,2024-11-26
leather wallet,XXL,,TRUE,Accessories,2025-03-24
black jeans,M,6188.0,TRUE,Bottoms,2026-04-22
blue pants,XS,,TRUE,Bottoms,2024-08-24
 brown belt ,med,52.61,TRUE,Accessories,2025-09-20
??, M ,,FALSE,Tops,01/04/2025
black boots,L ,126.15,FALSE,Shoes,not a date
white dress,M,$189.78,TRUE,Dresses,27-Sep-2024
gray sweater,S,51.96,FALSE,Tops,22-May-2025
white dress,XS,233.81,TRUE,Dresses,2024-12-31
blue shirt,XS,48.36 USD,TRUE ,Tops,2024-11-21
silver tie,L,61.33,No,Accessories,07-May-2025
white dress,xxl,249.96,unknown,Dresses,2026-04-06
yellow skirt,xl,52.7,FALSE,Bottoms,2024-09-17
denim jacket,,76.24,FALSE,Outerwear,2024-09-28
,l,$785.27,FALSE,Tops,03/08/2025
black boots,S,182.51,0,Shoes,2025-03-03
 white tuxedo ,XL,622.58,FALSE,Formal,2025-04-22
pink blouse,XS,56.06,,Tops,12/05/2025
sports socks,L,11.29,1,Accessories,2024-11-04T16:41:00
 white dress ,XS,122.54,TRUE,Dresses,2024-09-25
black boots,XS,$259.16,1,Shoes,10/16/2024
red shirt,M,56.79,TRUE,Tops,2026-04-02
leather wallet, XL ,92.27,FALSE,Accessories,2025-07-24
WHITE TUXEDO,XXL,353.36 USD,TRUE,Formal,25-Jun-2025
green hoodie,XL,59.52,unknown,Tops,2025-09-02
silver tie,N,36.73,FALSE,Accessories,23-Mar-2025
brown belt,XL,44.46 USD,TRUE,Accessories,11/05/2024
khaki_shorts,S,69.82,,Bottoms,10/12/2024
gray sweater,Large,$58.81,TrUe,Tops,2025-11-06T09:10:00
White Sneakers,XXL,88.41 ,TRUE,Shoes,2026-02-13
sports  socks ,,11.31,TRUE,Accessories,
Blue Pants,S,,FALSE,Bottoms,15-Oct-2024
red shirt,L,27.85,unknown,Tops,2025-01-28
black tuxedo,XS,713.97 USD,TRUE,Formal,2024-12-10
silver tie,3XL,$64.67,,Accessories,11-Aug-2024
YELLOW SKIRT,M,108.85,TRUE ,Bottoms,06/08/2025
blue shirt,One Size,35.26,FALSE,Tops,2024-11-24
brown belt,XS,44.5,,Accessories,2024-10-12
 khaki shorts ,L,56.1,FALSE,Bottoms,2024-12-29
Khaki Shorts,XL,2960.5,TRUE,Bottoms,02-Jan-2025
??,XXL,118.62 USD,FALSE,Outerwear,09/22/2025
gray sweater,x l,97.16,Yes,Tops,09/05/2025
white sneakers,S,93.49,TRUE,Shoes,2025-11-17
brown belt,med,484.4,FALSE,Accessories,11-Feb-2025
black boots,s,88.96,FALSE,Shoes,12/09/2024
navy blazer,med,163.22  ,FALSE,Formal,12/18/2024
pink_blouse ,XXL,36.91,TRUE,Tops,16-Jun-2025
khaki shorts,S,43.39,FALSE,Bottoms,30-Jul-2025
white sneakers,XXL,68.63,TRUE,Shoes,01/25/2026
navy blazer,3XL,147.84,FALSE,Formal,
white sneakers,L,59.94,FALSE,Shoes,06/19/2025
gray sweater, L ,43.35,TRUE,Tops,28-Aug-2025
navy blazer,XXL,,TRUE,Formal,27-Jan-2025
khaki shorts,xl,62.3,TRUE,Bottoms,2025-12-21
sports socks,S,23.69,FALSE,Accessories,07-Jan-2026
yellow skirt,XXL,58.49,unknown,Bottoms,2025-08-31
 black boots ,M,225.61,TRUE ,Shoes,12/07/2025
leather wallet,L,60.84,TRUE,Accessories,12-Jul-2025
SPORTS SOCKS,L,"10,640",FALSE,Accessories,03-Aug-2025
yellow skirt,M,47.89,TRUE,Bottoms,2024-11-18
SPORTS SOCKS,XS,11.98,FALSE,Accessories,29-Dec-2024
silver tie,N,60.16,FALSE,Accessories,
black jeans,XS,87.19 USD,FALSE,Bottoms,09/03/2025
 white sneakers ,S,1609.6000000000001,FALSE,Shoes,10/27/2024
leather wallet,M,32.08,FALSE,Accessories,2026-02-06
brown belt,Large,15.28,TRUE,Accessories,03/28/2025
sports socks,XL,14.85,FALSE,Accessories,07-Jan-2025
silver tie,,,FALSE,Accessories,31-May-2025
leather wallet,XXL,free,FALSE,Accessories,17-Dec-2024
sports socks,XS,22.43,TRUE,Accessories,2025-12-04
red shirt,XL,40.43,1,Tops,20-Oct-2025
black boots,XL,free,TRUE,Shoes,10-Aug-2024
pink blouse,XXL,48.66,0,Tops,12-Mar-2025
brown-belt , XL ,52.89,FALSE,Accessories,05/16/2025
yellow skirt,M,42.49,,Bottoms,30-Aug-2024
silver tie,XXL,35.59,TRUE,Accessories,13/40/2024
gray sweater,,62.12,TRUE,Tops,15-Jan-2025
white dress,XL,192.28 USD,FALSE,Dresses,2025-06-06
green hoodie,XS,63.41,FALSE,Tops,2025-05-20
blue-pants,XXL,58.73,TRUE,Bottoms,2025-03-21
black jeans,XXL,59.73,FALSE,Bottoms,13/40/2024
yellow skirt,XXL,,FALSE,Bottoms,
blue shirt,XXL,,FALSE,Tops,2025-08-07
navy blazer,M,333.49,TRUE,Formal,29-Oct-2024
red shirt,L,35.91,TRUE,Tops,2025-10-14
blue pants,XS,84.98,,Bottoms,12-Jan-2025
blue pants,L,47.01,,Bottoms,2024-12-02T05:27:00
black tuxedo,N,381.12,FALSE,Formal,2025-06-02
black jeans,XXL,124.11,,Bottoms,2026-01-28
khaki shorts,L,62.78,TRUE,Bottoms,2025-12-03
white sneakers,3XL,103.69 USD,No,Shoes,20-Jan-2026
brown belt,l,49.74,TRUE,Accessories,2024-12-06
khaki shorts,XL,30.79,FALSE,Bottoms,11-Jul-2025
pink-blouse  ,M,54.64,TRUE,Tops,04/04/2025
white sneakers,S,,FALSE,Shoes,09/19/2025
 white sneakers ,xs,90.11,FALSE,Shoes,01/18/2025
silver tie,XS,,Yes,Accessories,2025-02-11
brown belt,N,40.99 USD,,Accessories,10/05/2024
black jeans,,68.06,FALSE,Bottoms,09/16/2024
black boots,L,free,FALSE,Shoes,2025-11-21
black tuxedo, XXL ,,,Formal,2025-03-17
khaki shorts,xl,36.86,TRUE,Bottoms,10/30/2025
brown belt,XXL,26.46,No,Accessories,2025-07-22T16:33:00
silver tie,med,26.07,FALSE,Accessories,07/18/2025
white sneakers,3XL,66.43,TRUE ,Shoes,01/05/2026
sports socks,S,21.44,Y,Accessories,29-Oct-2024
WHITE TUXEDO,S,456.85,TRUE,Formal,06-Feb-2025
black boots,L ,211.81,Y,Shoes,2025-06-03
,M,237.85,TRUE,Tops,2024-08-26
leather wallet, XXL ,,TRUE,Accessories,10/03/2024
black boots,XL,92.4,FALSE,Shoes,
pink blouse,XS,free,TRUE,Tops,08/01/2025
blue shirt,XL,42.4,TRUE,Tops,26-Jul-2025
white-tuxedo,s,553.33,FALSE,Formal,30-Sep-2025
yellow_skirt ,XL,102.51,TRUE,Bottoms,2025-07-24
leather wallet,s,42.72,TRUE,Accessories,07/16/2025
LEATHER WALLET,XXL,48.98,FALSE,Accessories,17-Dec-2025
green hoodie,L,"55,52",,Tops,2024-11-23
Navy Blazer,XL,260.75,TRUE,Formal,10/07/2025
red shirt,N,36.78,Y,Tops,01-Feb-2026
brown belt,XS,33.37,TRUE,Accessories,08/15/2024
red shirt,M,56.79,TRUE,Tops,2026-04-02
khaki shorts,One Size,49.63,TRUE,Bottoms,04/11/2025
green hoodie,L,,TRUE,Tops,07/10/2025
brown belt,s,,TRUE,Accessories,2025-09-30
denim jacket,S,181.84,TRUE,Outerwear,01/09/2025
white tuxedo,XL,360.54,FALSE,Formal,2025-09-06
blue pants,XL,53.7,FALSE,Bottoms,09/19/2024
white sneakers, XXL ,95.71  ,TRUE,Shoes,20-Nov-2024
Silver Tie,XL,29.29,Y,Accessories,
sports socks,XL,free,TRUE,Accessories,2025-10-05
silver tie,XXL,30.12 ,TRUE,Accessories,not a date
denim jacket,XL,213.99,FALSE,Outerwear,2025-04-15
blue pants,xl,71.67 USD,FALSE,Bottoms,2025-08-06
pink blouse,M,,1,Tops,15-Sep-2025
NAVY BLAZER,M,178.21,TRUE,Formal,2025-08-04
blue shirt,XS,5631.0,TRUE,Tops,10/25/2025
yellow skirt,M,80.58,TRUE,Bottoms,2025-07-30
black boots,L,244.22,FALSE,Shoes,05/18/2025
green hoodie,XXL,46.07,FALSE,Tops,10/12/2025
white dress,L,$227.94,FALSE,Dresses,27-May-2025
khaki shorts,S,59.61,FALSE,Bottoms,01-Jan-2026
Khaki Shorts,XL,2962.0,TRUE,Bottoms,02-Jan-2025
green hoodie,XXL,60.07,,Tops,15-Feb-2025
blue shirt,M,31.14,TRUE,Tops,2024-10-11
SILVER TIE,XXL,36.04,TRUE,Accessories,2026-01-05T16:46:00
black jeans,XS,-49.89,FALSE,Bottoms,09-Nov-2025
BLUE SHIRT,M,58.25,,Tops,2025-12-05
,M,113.48,FALSE,Shoes,2024-08-18T21:52:00
black jeans,XXL,-81.69,FALSE,Bottoms,2025-12-16T02:21:00
navy blazer,S,152.15 USD,TRUE,Formal,21-Oct-2024
pink blouse,L,54.74,FALSE,Tops,2026-04-07
blue shirt,M,46.02,,Tops,2024-10-30
 black tuxedo ,x l,629.13,FALSE,Formal,
black tuxedo,XL,free,FALSE,Formal,2024-10-27
blue pants,XL,80.96,TRUE,Bottoms,2025-11-21
leather wallet,S,70.05,,Accessories,01/25/2026
SILVER TIE,S,33.39,TRUE,Accessories,31-May-2025
Denim Jacket,One Size,180.73,FALSE,Outerwear,2024-12-28
 black jeans , M ,free,0,Bottoms,09/28/2025
khaki shorts,M,30.84,TRUE,Bottoms,07-Oct-2024
silver tie,Large,48.18,unknown,Accessories,2025-04-09
sports socks,M,21.14,TRUE,Accessories,2024-08-18
blue pants,xxl,65.16,FALSE,Bottoms,2025-05-02
navy blazer,XXL,237.3,FALSE,Formal,not a date
black jeans,L,86.6,TRUE,Bottoms,13-Aug-2025
BLACK BOOTS,XL,153.02,,Shoes,12/20/2025
pink blouse,s,93.51,FALSE,Tops,12/15/2025
sports socks,XL,-20.0,,Accessories,06-Dec-2025
khaki shorts,L,71.28,FALSE,Bottoms,31-Dec-2024
pink blouse,XXL,102.6,FALSE,Tops,2025-09-18
,M,55.27,TRUE,Outerwear,2024-08-30
 blue shirt ,M,45.93,TRUE,Tops,09/03/2025
sports socks,M,54.900000000000006,FALSE,Accessories,
white sneakers,L,"107,590",TRUE,Shoes,2025-05-10
denim jacket,XXL,70.51,TRUE,Outerwear,23-Aug-2025
??,M,60.19,1,Formal,2025-08-11
blue shirt,XXL,"58,42",No,Tops,09/01/2025
black jeans, S ,75.14,FALSE,Bottoms,09/26/2025
pink blouse,xxl,,TRUE,Tops,
blue pants,XS,,FALSE,Bottoms,2025-02-14
black tuxedo,XL,506.84,TRUE,Formal,12/09/2024
sports socks, l ,6.1,TRUE,Accessories,12/10/2025
khaki shorts,XXL,33.9,TRUE,Bottoms,09/02/2025
GREEN HOODIE,s,72.65,FALSE,Tops,27-Jul-2025
sports socks,XL,5.54,Y,Accessories,2025-03-05
white sneakers,xs,57.33,,Shoes,
denim jacket,XXL,217.84,FALSE,Outerwear,11/03/2024
blue shirt,One Size,35.26,FALSE,Tops,2024-11-24
silver tie,M,60.42,N,Accessories,17-Sep-2025
denim jacket,XL,119.94,FALSE,Outerwear,01/15/2026
red shirt,L,28.1,1,Tops,2024-08-18
pink blouse,XXL,67.27,TRUE,Tops,2026-01-11
khaki shorts,XXL,54.34,FALSE,Bottoms,2025-08-22
white dress,XXL,134.11,TRUE,Dresses,14-Jan-2025
pink blouse,S,99.42,1,Tops,18-Sep-2024
white tuxedo,XL,373.75,TRUE,Formal,2024-09-01
leather wallet,Large,"51,69",0,Accessories,01/11/2026
white dress,One Size,, false,Dresses,2025-08-18T08:12:00
sports socks,,14.07  ,No,Accessories,03/13/2025
LEATHER WALLET,XXL,92.09,FALSE,Accessories,27-Jul-2025
yellow skirt,XXL,4651.0,FALSE,Bottoms,15-Jan-2025
silver  tie,XS,49.56,FALSE,Accessories,10-Aug-2025
 blue pants ,XL,,unknown,Bottoms,28-Nov-2025
black boots,XXL,,TRUE,Shoes,10/28/2025
blue shirt,S,58.07,Yes,Tops,04/09/2025
leather wallet, M ,,FALSE,Accessories,2024-12-27
yellow skirt,L,58.68,1,Bottoms,12/14/2024
white dress,L,$175.86,Y,Dresses,07-Jul-2025
denim jacket,3XL,67.23,FALSE,Outerwear,2024-11-16
khaki shorts,L,,FALSE,Bottoms,2025-08-13
denim jacket,XL,71.64,TRUE,Outerwear,2025-08-22
black jeans, xl ,$47.16,TRUE,Bottoms,19-Sep-2025
khaki shorts,M,58.59,TRUE,Bottoms,24-Dec-2025
navy blazer,L,182.15,FALSE,Formal,2026-01-10
white sneakers,S,166.39,FALSE,Shoes,12/02/2024
black boots,XL,285.56,FALSE,Shoes,09/24/2025
navy blazer,XL,,TRUE,Formal,2025-04-22
green hoodie,M,72.21,TRUE,Tops,2025-09-17T06:31:00
white dress,M,-181.62,TRUE,Dresses,10/14/2024
navy blazer,XL,130.33,unknown,Formal,2025-06-03
,XS,31.85,FALSE,Formal,22-Sep-2024
,L,,TRUE,Accessories,2024-11-05
blue shirt,XL,45.19,FALSE,Tops,2025-03-17
black boots,XL,"301,400",FALSE,Shoes,not a date
denim jacket,m,63.72,TRUE,Outerwear,10/30/2024
brown belt,M,47.25,FALSE,Accessories,06/04/2025
white sneakers,XXL,125.53,FALSE,Shoes,2024-10-16
sports socks,M,21.78,TRUE,Accessories,2024-08-18
red shirt,XS,31.2,N,Tops,28-Oct-2024
white tuxedo,L,$324.59,TRUE,Formal,25-Jun-2025
white tuxedo,XS,512.61,Yes,Formal,16-Aug-2025
blue shirt,,55.04,unknown,Tops,
khaki shorts, XL ,,N,Bottoms,09-Jan-2025
YELLOW SKIRT,L,31.58,FALSE,Bottoms,24-Jun-2025
silver tie,M,,FALSE,Accessories,04/15/2025
black tuxedo, S ,631.3,unknown,Formal,22-Apr-2025
white sneakers,L,75.9,,Shoes,03-Feb-2025
white sneakers,,,TRUE,Shoes,12/21/2025
yellow_skirt  ,XS,,FALSE,Bottoms,23-Dec-2024
blue pants,S,"40,650",FALSE,Bottoms,2026-02-23
silver tie,L,39.88,TRUE,Accessories,2025-01-20T03:26:00
Sports Socks,S,23.59,TRUE,Accessories,2025-12-08
sports socks,L ,24.08,TRUE,Accessories,2025-03-01T08:44:00
blue pants,M,79.97,TRUE,Bottoms,2026-01-15
Gray Sweater,N,112.0,T,Tops,2024-08-26
white sneakers,XXL,82.24,N,Shoes,02/16/2025
blue pants,XXL,8486.0,FALSE,Bottoms,28-Sep-2025
green hoodie,XL,75.33,Yes,Tops,
brown belt,XXL,44.76,FALSE,Accessories,2026-03-07
denim jacket,XS,,TRUE,Outerwear,18-May-2025
white tuxedo,xs,225.34,TRUE,Formal,2024-12-21
pink blouse,XS,117.4,FALSE,Tops,17-Dec-2024
blue pants,XL,54.56,FALSE,Bottoms,
black boots,xs,311.04,,Shoes,2025-07-28
leather wallet,M,59.49,FALSE,Accessories,2025-06-01
blue pants,S,89.22,FALSE,Bottoms,12-Oct-2025
black boots,med,292.63,FALSE,Shoes,10/11/2025
khaki shorts,xs,55.91  ,FALSE,Bottoms,2025-04-29
red shirt,One Size,26.64,FALSE,Tops,11/14/2024
black boots,N,209.75,TRUE,Shoes,2024-10-06
black jeans,S,104.22,FALSE,Bottoms,2025-09-20
,s,,TRUE,Formal,2025-03-02
Denim Jacket,M,148.83,FALSE,Outerwear,10-Jan-2026
pink blouse,XS,,,Tops,15-Jul-2025
black tuxedo, XL ,3179.3,FALSE,Formal,04/19/2025
black jeans,XL,82.07,TRUE,Bottoms,06/15/2025
blue pants,m,56.54,unknown,Bottoms,2026-02-14
 black tuxedo ,S,624.28,FALSE,Formal,14-Jul-2025
black tuxedo,M,452.64,TRUE,Formal,10/02/2025
denim jacket,XS,196.91,Y,Outerwear,01/26/2026
leather wallet,N,116.54,FALSE,Accessories,11/21/2024
yellow skirt,M,$79.46,FALSE,Bottoms,
pink blouse,XXL,95.08,Y,Tops,02-Apr-2025
navy blazer,L,,FALSE,Formal,15-Nov-2024
yellow skirt,M,44.53 USD,FALSE,Bottoms,06-Aug-2025
black jeans,3XL,-73.7,TRUE,Bottoms,2025-11-30
red shirt,XL,43.99,FALSE,Tops,08/31/2025
pink blouse,M,,,Tops,2024-08-19
leather-wallet,XL,37.77,FALSE,Accessories,
denim jacket,3XL,67.23,FALSE,Outerwear,2024-11-16
blue pants,XL,60.63,TRUE,Bottoms,06/18/2025
green hoodie, m,3890.0,TRUE,Tops,11/04/2024
sports socks,XXL,15.72,unknown,Accessories,10/07/2025
blue shirt,M,34.83,TRUE,Tops,2024-10-06
brown belt,XS,39.26,,Accessories,12/22/2025
khaki shorts,,69.39,TRUE,Bottoms,29-Sep-2025
blue pants,XS,75.80 USD,No,Bottoms,12/14/2024
sports socks,L,603.5,No,Accessories,09/04/2025
GRAY SWEATER,Large,103.64,FALSE,Tops,09/21/2024
black tuxedo,M,484.36,FALSE,Formal,06-Jun-2025
navy blazer,,131.04,TRUE,Formal,2025-08-10
Blue Pants,S,86.48,TRUE,Bottoms,01/29/2026
green hoodie,XL,"88,81",FALSE,Tops,07/20/2025
black jeans,M,"111,060",FALSE,Bottoms,10/20/2024
gray sweater,l,4145.0,FALSE,Tops,13-Nov-2025
Leather Wallet,S,100.74,TRUE,Accessories,2026-04-08
Silver Tie,XS,50.73,TRUE,Accessories,28-Jan-2025
leather wallet,XL,33.06,FALSE,Accessories,09/06/2024
khaki shorts,L,36.44,TRUE,Bottoms,12/29/2024
denim jacket,XS,70.14,,Outerwear,2026-03-11
green hoodie,S,6135.0,FALSE,Tops,26-Nov-2024
SILVER TIE,M,19.48,FALSE,Accessories,10/07/2024
white sneakers,XS,85.19,TRUE,Shoes,02/24/2025
,N,,FALSE,Accessories,10/09/2025
silver tie,XS,46.08,TRUE,Accessories,17-Aug-2025
gray sweater,S,136.96,TRUE,Tops,12/18/2025
denim jacket,M,99.58,1,Outerwear,08/05/2025
white dress,M,,TRUE,Dresses,2024-10-07
SPORTS SOCKS,med,,TRUE,Accessories,22-Aug-2024
black_tuxedo ,L ,530.57,FALSE,Formal,
navy blazer,L,297.35,TRUE,Formal,12/18/2024
khaki shorts,XL,68.65,FALSE,Bottoms,2026-04-16
black boots,XL,121.36,TRUE,Shoes,2025-01-29
yellow skirt, m,87.06,TRUE,Bottoms,2025-05-10
denim jacket,XXL,154.39,TRUE,Outerwear,16-Oct-2025
sports socks,L ,19.76 USD,unknown,Accessories,09/29/2025
navy blazer,N,257.9,FALSE,Formal,2025-12-13
brown belt,XS,$28.15,FALSE,Accessories,01/23/2026
Green Hoodie,L,44.86,FALSE,Tops,2024-12-14
blue pants,XS,73.26,T,Bottoms,02/08/2025
black jeans, m,$98.74,FALSE,Bottoms,2026-05-13
sports socks,L,,TRUE,Accessories,07/21/2025
black jeans,XS,"72,45",TRUE ,Bottoms,01/12/2026
sports socks,l,19.65,TRUE,Accessories,10-Jul-2025
navy blazer,XXL,161.98,FALSE,Formal,02/16/2025
red shirt,XL,31.55,Yes,Tops,10-Mar-2025
yellow skirt,L,free,FALSE,Bottoms,12/03/2025
navy blazer,l,,FALSE,Formal,10-Oct-2024
yellow skirt,s,42.48,FALSE,Bottoms,2025-08-18
denim jacket,N,"183,57",unknown,Outerwear,27-Aug-2025
,XS,"89,66",FALSE,Bottoms,2026-05-12
blue pants,L,55.59,unknown,Bottoms,12/18/2025
Brown Belt,S,50.68,FALSE,Accessories,2024-09-20
khaki-shorts  ,XL,67.23,FALSE,Bottoms,03/03/2025
unknown product,XL,108.8,unknown,Outerwear,08/28/2024
blue pants,XL,69.06,FALSE,Bottoms,25-May-2025
NAVY BLAZER,XS,,FALSE,Formal,08/10/2025
gray sweater,XL,57.80 USD,TRUE,Tops,07/04/2025
red shirt,s,51.19,,Tops,2025-02-26
blue pants,M,"74,85",Y,Bottoms,2026-01-21
navy blazer,M,,0,Formal,09/12/2024
NAVY BLAZER,M,276.7,TRUE,Formal,2025-07-10
green hoodie,,65.09,TRUE,Tops,2025-04-21
white sneakers,,$111.29,unknown,Shoes,16-Jun-2025
black jeans,XL,79.88,No,Bottoms,09/23/2024
denim jacket,XS,131.36,,Outerwear,29-Dec-2025
khaki shorts,XL,61.29,TRUE,Bottoms,12/30/2025
red shirt,XXL,37.91,TRUE,Tops,26-Aug-2025
green hoodie,XL,45.91,TRUE,Tops,09/02/2024
sports-socks  ,L,,TRUE,Accessories,14-Jun-2025
black jeans,xxl,93.01,FALSE,Bottoms,10/30/2025
,XS,$36.95,TRUE,Tops,28-Jan-2025
DENIM JACKET,XL,125.89 USD,Y,Outerwear,2025-04-20T21:52:00
silver tie, m,32.16,N,Accessories,
brown belt,L,-18.14,TRUE,Accessories,25-Sep-2024
khaki shorts,XXL,32.8,TRUE,Bottoms,09/02/2025
 leather wallet ,M,35.45,FALSE,Accessories,2025-05-22
leather wallet,XL,-79.48,FALSE,Accessories,10-Feb-2025
DENIM JACKET,XXL,"162,580",FALSE,Outerwear,09/27/2024
black jeans,XL,128.3,TRUE,Bottoms,28-May-2025
black jeans, XL ,,TRUE,Bottoms,10-Dec-2025
unknown product,S,$41.72,TRUE,Tops,2025-07-12
blue pants,XL,-42.32,FALSE,Bottoms,2026-01-15
denim jacket, L ,120.09,False,Outerwear,2025-01-09
green hoodie,med,66.49,unknown,Tops,11/18/2025
denim jacket,XS,160.46 USD,FALSE,Outerwear,10-Nov-2025
brown belt,XXL,free,TRUE,Accessories,03/13/2025
denim jacket,Large,117.41,,Outerwear,2025-01-07T10:09:00
denim_jacket  ,L,$171.46,unknown,Outerwear,17-May-2025
denim jacket,L,119.3,FALSE,Outerwear,2025-05-07
black boots,S,275.98,TRUE,Shoes,04/07/2025
green hoodie,L,,TRUE,Tops,07/10/2025
silver tie,M,36.24,FALSE,Accessories,29-Oct-2025
khaki shorts, XXL ,5094.0,,Bottoms,02-Aug-2025
Pink Blouse, XXL ,,TRUE,Tops,2024-09-23
pink_blouse,x l,109.53,TRUE,Tops,03/25/2025
brown belt,XXL,50.65 USD,TRUE,Accessories,2025-09-30
white tuxedo,L,642.07,,Formal,15-Oct-2024
pink blouse,XXL,65.84,TRUE,Tops,2026-01-11
pink blouse,XL,96.39,FALSE,Tops,2024-08-12
denim jacket,L,$189.34,FALSE,Outerwear,08-Jan-2025
leather wallet,3XL,38.77,TRUE,Accessories,12/31/2024
leather wallet,Large,86.94,TRUE,Accessories,09/07/2025
silver tie,M,45.0,TRUE,Accessories,04/10/2025
denim jacket,XS,65.43,FALSE,Outerwear,2025-12-08
black jeans,S,59.13 USD,FALSE,Bottoms,2025-12-06
navy blazer,XS,267.19,FALSE,Formal,09/27/2025
red shirt,XXL,41.84,FALSE,Tops,22-Apr-2025
silver tie,XL,53.41,FALSE,Accessories,22-Jan-2026
green hoodie,L,42.02,TRUE,Tops,2025-12-21
navy blazer,XS,384.01,TRUE,Formal,2025-06-26
pink blouse,x l,111.85,FALSE,Tops,22-Jan-2025
brown belt,med,23.21,FALSE,Accessories,29-Dec-2024
silver tie,S,24.52,Yes,Accessories,2024-11-05
denim jacket,XXL,187.04,0,Outerwear,01/05/2025
yellow skirt,XXL,"103,190",FALSE,Bottoms,2025-03-06
black tuxedo,One Size,450.31,FALSE,Formal,2025-05-08
brown belt,L,31.14,unknown,Accessories,01/15/2025
silver tie,XXL,47.49,TRUE,Accessories,2024-11-27
BLUE PANTS,XS,44.09,1,Bottoms,
green hoodie,L,57.99,TRUE,Tops,17-Dec-2025
khaki shorts,S,43.67,FALSE,Bottoms,2025-10-19
yellow skirt,XS,-43.01,FALSE,Bottoms,2024-09-22
white-tuxedo  ,One Size,618.36,TRUE,Formal,2025-03-18
yellow skirt,S,81.67,unknown,Bottoms,25-Mar-2025
leather wallet,XS,55.62,TRUE,Accessories,2024-08-19
BLUE PANTS,XS,49.17,FALSE,Bottoms,10/26/2024
blue shirt,L ,27.69,Yes,Tops,01/21/2025
gray sweater,L,97.83,TRUE,Tops,01/31/2025
blue shirt,XS,282.8,FALSE,Tops,04/21/2025
 blue shirt ,x l,39.88,TRUE,Tops,06/15/2025
black tuxedo, S ,416.77,TRUE,Formal,08/15/2024
black tuxedo,XS,-375.98, false,Formal,2025-04-07
navy blazer,XS,345.55,,Formal,25-Feb-2025
pink blouse,L,$106.00,TRUE,Tops,13-Jun-2025
sports socks, m,7.16,unknown,Accessories,2025-06-29
white tuxedo,XL,360.54,FALSE,Formal,2025-09-06
 white tuxedo ,l,3071.8,unknown,Formal,2025-02-18
silver tie,M,24.07  ,FALSE,Accessories,09/16/2025
BLUE PANTS,XL,7808.0,TRUE,Bottoms,2025-12-23
yellow skirt,L,71.47,FALSE,Bottoms,
denim jacket,med,,FALSE,Outerwear,2026-05-27
leather wallet,x l,,FALSE,Accessories,2025-04-16
silver tie,XL,28.1,TRUE,Accessories,03/09/2025
sports socks,L,23.98,TrUe,Accessories,11/04/2024
pink blouse,XS,55.91,1,Tops,04-Jan-2026
leather wallet,S,42.15,FALSE,Accessories,01/12/2026
green hoodie,M,43.36,TRUE,Tops,10/25/2025
silver tie, S ,23.23,FALSE,Accessories,2026-04-23
brown  belt,S,31.78,TRUE,Accessories,10-Feb-2025
denim-jacket  ,L,65.5,unknown,Outerwear,17-Sep-2025
white tuxedo,L,502.63,TRUE,Formal,2026-05-09
navy blazer,m,265.26,FALSE,Formal,01/08/2026
denim jacket,XL,77.06,FALSE,Outerwear,2025-04-30
green hoodie,M,,TRUE,Tops,
sports socks,L,,FALSE,Accessories,04-Oct-2024
sports socks,XS,6.67,,Accessories,05/20/2025
white dress,XS,,TRUE,Dresses,05-Dec-2024
white tuxedo,L ,344.35,TRUE,Formal,2025-04-28
red shirt,L ,40.91,FALSE,Tops,08/31/2024
pink blouse,L,71.06,FALSE,Tops,20-Oct-2024
blue pants,XS,43.79,FALSE,Bottoms,2025-06-16T09:31:00
khaki shorts, M ,"49,37",FALSE,Bottoms,07/08/2025
,L,,TRUE,Formal,2025-10-15
white tuxedo,l,281.57,Y,Formal,25-Aug-2025
red shirt,XL,52.64,FALSE,Tops,25-Jun-2025
white sneakers,S,75.19 USD,FALSE,Shoes,28-Jun-2025
 white dress ,L,257.77,TRUE,Dresses,02-Mar-2025
red shirt,Large,"58,830",F,Tops,11/13/2024
black jeans,M,93.14 USD,TRUE,Bottoms,10/04/2025
pink blouse,3XL,-85.63,unknown,Tops,2024-12-17
unknown product,Large,26.73,No,Outerwear,03/07/2025
pink blouse,M,6382.0,Y,Tops,
navy blazer,XS,"222,58",TRUE,Formal,2025-05-05
blue shirt,One Size,55.71,TRUE,Tops,06/02/2025
sports socks,L,,TRUE,Accessories,07/21/2025
brown belt,L,,Y,Accessories,28-Mar-2025
white sneakers,XS,165.88,TRUE,Shoes,2024-09-26
NAVY BLAZER,S,-168.54,TRUE,Formal,2024-09-21
blue pants,XL,$87.53,TRUE,Bottoms,05/31/2025
black jeans,S,"78,09",TRUE,Bottoms,14-Dec-2025
white sneakers,XXL,54.24,TrUe,Shoes,01/26/2026
leather wallet,L,112.48,FALSE,Accessories,09/05/2024
green hoodie,XXL,2795.0,FALSE,Tops,
silver tie,s,45.97,FALSE,Accessories,03-Sep-2025
navy blazer,XXL,"215,16",TRUE,Formal,2025-09-18
black jeans,XL,123.57,FALSE,Bottoms,03/21/2025
,XS,$28.95,unknown,Shoes,2025-01-09
White Sneakers,,9364.0,Y,Shoes,11-Jan-2026
white tuxedo,XL,467.92,Y,Formal,
gray sweater,3XL,121.46,Yes,Tops,2024-11-30
gray sweater,XL,91.89,FALSE,Tops,02/12/2025
YELLOW SKIRT,M,,FALSE,Bottoms,2025-07-05
white sneakers,XS,-63.59,FALSE,Shoes,2025-07-15
yellow skirt,M,1979.5000000000002,TRUE,Bottoms,01/04/2025
white sneakers,S,121.55,Yes,Shoes,2025-12-30
black  boots,XS,260.81,Y,Shoes,03-Sep-2024
navy blazer,M,352.33,TRUE,Formal,2025-06-01
black boots,L,193.33,,Shoes,31-May-2025
yellow skirt,xxl,"77,530",FALSE,Bottoms,16-Oct-2025
blue pants,XXL,46.84,0,Bottoms,07/25/2025
brown belt,M,,F,Accessories,09/02/2025
white_dress  ,S,151.1,FALSE,Dresses,06/15/2025
black jeans,XL,94.79,,Bottoms,01/25/2026
white tuxedo,XS,,TRUE,Formal,09/20/2025
blue shirt,XS,33.36,unknown,Tops,02-Jul-2025
yellow skirt, L ,-78.09,FALSE,Bottoms,09/08/2025
black jeans,Large,47.26,TRUE,Bottoms,
black jeans,XS,81.46,FALSE,Bottoms,2025-05-17
navy blazer,XS,304.13,TRUE,Formal,01/15/2026
green hoodie, XL ,$65.35,False,Tops,18-Jun-2025
white tuxedo,XS,527.68,FALSE,Formal,06/14/2025
black jeans,XS,106.39,unknown,Bottoms,
black tuxedo,S,679.43,FALSE,Formal,04/23/2025
pink blouse,L,4134.0,TRUE,Tops,12/25/2025
blue shirt,S,,TRUE,Tops,06-Jul-2025
sports socks,XL,5.43,TRUE,Accessories,12/21/2025
black jeans,XS,78.41,TRUE,Bottoms,11/30/2025
BLACK BOOTS,XL,180.18,Y,Shoes,2024-09-21
brown belt,XL,32.94,FALSE,Accessories,06/21/2025
gray sweater,XS,91.4,TRUE,Tops,07/21/2025
sports socks,M,15.13,0,Accessories,05/16/2025
,xs,227.56 USD,TRUE,Accessories,02/23/2025
black tuxedo,XXL,-229.54,unknown,Formal,11/04/2025
brown belt,,$30.93,N,Accessories,10-Mar-2025
blue pants,M,57.55,TRUE,Bottoms,2025-09-07T02:21:00
yellow skirt,XL,95.44,TRUE,Bottoms,21-Sep-2025
white tuxedo,M,211.93,T,Formal,03/31/2025
yellow skirt,L,$109.75,FALSE,Bottoms,10/20/2025
sports-socks,3XL,13.04,FALSE,Accessories,07/19/2025
red shirt,XL,free,TRUE,Tops,2025-12-23
sports socks,med,5.22,TRUE,Accessories,22-Jun-2025
,Large,,TRUE,Bottoms,21-Nov-2024
black_tuxedo ,S,594.01,FALSE,Formal,17-Nov-2025
blue  pants ,XL,51.4,FALSE,Bottoms,2025-12-25
black jeans,M,,FALSE,Bottoms,08/13/2024
gray sweater,l,"104,40",FALSE,Tops,10/19/2025
yellow skirt,One Size,84.21,,Bottoms,23-Dec-2025
gray sweater,XXL,109.39,TRUE,Tops,2024-08-20
black tuxedo, m,440.60 USD,FALSE,Formal,2024-10-28
blue pants,XL,-74.8,TRUE,Bottoms,07/28/2025
blue pants, m,88.55,FALSE,Bottoms,07-Feb-2025
blue pants,M,43.53,FALSE,Bottoms,01-Mar-2025
black jeans,XXL,,FALSE,Bottoms,2025-06-22
white dress,XL,free,1,Dresses,2024-09-11
black jeans,L,108.55,TRUE,Bottoms,16-Aug-2025
brown belt,M,23.97,Y,Accessories,06-Sep-2024
blue pants,XL,80.96,TRUE,Bottoms,2025-11-21
 white dress ,XL,242.31,TRUE,Dresses,25-Jul-2025
leather  wallet  ,XS,34.29,TRUE,Accessories,14-Jan-2026
black-jeans,M,97.71,TRUE,Bottoms,2024-12-16T20:28:00
leather_wallet  ,M,,TRUE,Accessories,09/14/2025
blue pants,S,79.18,Y,Bottoms,2026-05-22
white sneakers,XXL,164.09 USD,TRUE,Shoes,20-Jan-2025
leather wallet,M,65.62 USD,TRUE,Accessories,23-Jun-2025
black tuxedo, m,500.65,,Formal,2025-01-04
blue-pants ,L,-57.78,Y,Bottoms,2025-10-07T04:55:00
white dress,M,140.81 USD,1,Dresses,2026-02-18
black boots,XL,302.06,unknown,Shoes,03/27/2025
silver tie,S,26.34,,Accessories,2024-10-04
leather wallet,XL,85.88,TRUE,Accessories,not a date
white tuxedo,S,439.11 ,N,Formal,11-Oct-2025
leather  wallet  ,xs,100.6,FALSE,Accessories,2025-01-13
white tuxedo,XXL,266.18,unknown,Formal,17-Jun-2025
black boots,L,207.83,FALSE,Shoes,13-Nov-2025
silver tie,,36.84,Yes,Accessories,10/26/2025
white sneakers, xl ,-53.45,TRUE,Shoes,04/26/2025
Green Hoodie,S,43.18,FALSE,Tops,2025-02-21
yellow skirt,XL,$33.68,Yes,Bottoms,08-Dec-2024
yellow skirt,S,,FALSE,Bottoms,27-Aug-2024
white tuxedo,M,-506.68,TRUE,Formal,2025-07-15
green hoodie,XS,"86,740",TRUE,Tops,10/08/2025
sports socks,XS,6.71,TRUE,Accessories,2026-01-05
black jeans,XS,3429.0,FALSE,Bottoms,07/29/2025
blue pants, M ,74.52,FALSE,Bottoms,2025-06-29
white tuxedo,XS,19410.5,unknown,Formal,2025-09-27
navy blazer,M,188.99 USD,0,Formal,20-Nov-2025
sports socks,S,"17,980",TRUE,Accessories,29-Jan-2025
black tuxedo,S,$623.42,TRUE,Formal,2025-12-26
white dress,xl,"130,33",,Dresses,10-Mar-2025
black tuxedo,L,-385.31,TRUE,Formal,2025-08-31
denim jacket,XXL,16013.999999999998,,Outerwear,30-May-2025
khaki shorts,XXL,,,Bottoms,2024-12-22
white dress,XL,"128,900",unknown,Dresses,2025-03-08
black jeans,XL,-74.05,TRUE,Bottoms,12/09/2025
denim jacket,M,217.79,TRUE,Outerwear,25-Nov-2025
khaki shorts,XXL,30.09,TRUE,Bottoms,09/14/2024
leather wallet,XL,79.14,FALSE,Accessories,2025-10-23
 blue pants ,Large,63.10 USD,F,Bottoms,10-Dec-2025
khaki shorts,S,64.99,0,Bottoms,07/10/2025
white tuxedo,L,374.03,FALSE,Formal,07/15/2025
yellow skirt,S,33.62,Yes,Bottoms,
gray sweater,L ,65.46,FALSE,Tops,2025-11-02
silver tie,XS,23.2,,Accessories,07/27/2025
 silver tie ,XL,48.96,0,Accessories,2026-02-27
PINK BLOUSE,M,49.53,TRUE,Tops,04-Oct-2024
navy blazer,L,$141.55,Y,Formal,2025-09-18
brown belt,M,37.08,TRUE,Accessories,08/22/2025
white sneakers,XS,97.59,,Shoes,26-Nov-2024
blue pants,S,57.91,TRUE,Bottoms,08-Jan-2026
blue pants,L,84.9,TrUe,Bottoms,04/02/2025
white sneakers,XS,,FALSE,Shoes,04/22/2025
white dress, L ,231.92,,Dresses,2025-04-20
silver tie,XS,52.29,Y,Accessories,2024-09-10
khaki shorts,xxl,31.21,FALSE,Bottoms,2025-08-25
pink blouse,M,83.92,TRUE,Tops,07/09/2025
leather wallet,XL,33.06,FALSE,Accessories,09/06/2024
white dress,XL,178.63,TRUE,Dresses,06-Nov-2025
brown belt,3XL,,FALSE,Accessories,2026-04-11
denim jacket,XL,145.98,TRUE,Outerwear,18-Dec-2024
navy blazer,S,290.97,TRUE,Formal,01/14/2025
blue shirt,XL,,FALSE,Tops,18-May-2025
pink blouse,XS,103.31 USD,TRUE,Tops,2025-07-16
black tuxedo,XL,377.0,TRUE,Formal,2026-01-07
Silver Tie,XL,22.59,False,Accessories,01/08/2026
 green hoodie ,XXL,60.29,FALSE,Tops,2025-01-31
 gray sweater ,XXL,128.71,FALSE,Tops,20-Aug-2025
yellow skirt,XL,$33.68,Yes,Bottoms,08-Dec-2024
black boots,L,"284,27",TRUE,Shoes,2024-10-12
 red shirt ,XS,27.43,FALSE,Tops,01/15/2025
black boots,M,$232.42,No,Shoes,2025-03-02
silver tie,XL,37.5,Yes,Accessories,08/18/2025
white dress,L,129.15,TRUE,Dresses,2025-07-01
pink blouse,xl,75.46,TRUE,Tops,not a date
red shirt,XXL,,TRUE,Tops,2025-09-16
Black Jeans,M,72.12,TRUE,Bottoms,05-Jul-2025
black jeans,XS,84.84,,Bottoms,2026-04-11
SILVER TIE,M,27.21,,Accessories,28-Mar-2025
gray sweater,M,-58.18,FALSE,Tops,02-Apr-2025
white tuxedo,XS,559.45,TRUE,Formal,08/16/2025
white sneakers,One Size,158.0,,Shoes,12/18/2025
black boots,L,228.37  , false,Shoes,2025-07-28
red shirt,M,26.43,FALSE,Tops,2026-03-28
blue shirt, XS ,47.17,TRUE,Tops,2025-06-02
 gray sweater ,xxl,121.71,FALSE,Tops,2025-12-12T20:53:00
 black boots ,XS,276.13,FALSE,Shoes,10/19/2024
gray sweater,XS,$139.00,TRUE,Tops,
gray sweater,XXL,113.8,0,Tops,01/17/2025
BLACK BOOTS,S,"135,02",TRUE,Shoes,15-Oct-2025
yellow skirt,,36.83,FALSE,Bottoms,01/16/2026
brown belt,med,50.62,TRUE,Accessories,01/18/2025
yellow-skirt ,N,"37,770",1,Bottoms,26-Dec-2025
green hoodie,m,699.8000000000001,FALSE,Tops,02/18/2025
green hoodie,XS,41.19 USD,TRUE,Tops,2024-10-16
silver tie,M,27.48,TRUE,Accessories,25-Dec-2025
white dress,S,147.33 USD,unknown,Dresses,08/29/2024
white tuxedo,XXL,559.96,FALSE,Formal,01/29/2026
gray_sweater  ,S,626.5,FALSE,Tops,05/10/2025
black boots,L,313.23,unknown,Shoes,06-Sep-2024
white dress,XL,224.36,0,Dresses,15-Nov-2024
sports socks,M,17.85,Yes,Accessories,05/30/2025
denim jacket,XXL,,TRUE,Outerwear,04/07/2025
black tuxedo,XXL,751.98,TRUE,Formal,not a date
leather wallet,M,free,FALSE,Accessories,2025-08-05
black jeans,M,$67.05,FALSE,Bottoms,29-Oct-2025
silver tie,XXL,free,TRUE,Accessories,2026-03-29
black jeans,XL,51.39,0,Bottoms,2026-01-19
navy  blazer  ,L ,313.46,FALSE,Formal,10-Mar-2025
black jeans,XS,free,FALSE,Bottoms,2024-12-18
white dress,M,179.56,TRUE,Dresses,01/23/2026
navy blazer,XXL,396.08,TRUE,Formal,02/10/2025
pink blouse, XS ,86.02,TRUE,Tops,20-Oct-2024
yellow skirt,L,99.05,TRUE,Bottoms,2025-12-27
 yellow skirt ,S,789.2,FALSE,Bottoms,02/07/2025
white tuxedo,M,514.17,TRUE,Formal,2025-02-13
black boots,XXL,201.83,TRUE,Shoes,2024-09-24
khaki shorts,XXL,free,TRUE,Bottoms,11-Nov-2024
black tuxedo,3XL,338.02,,Formal,03-Mar-2025
white sneakers,med,"128,000",TRUE ,Shoes,01/25/2025
yellow skirt,med,91.52,Y,Bottoms,14-Sep-2024
leather wallet,L,41.45,TRUE,Accessories,2025-07-24
black boots,,148.36,N,Shoes,02-Aug-2025
SILVER TIE,XXL,36.04,TRUE,Accessories,2026-01-05T16:46:00
brown belt,XL,$32.28,TRUE,Accessories,11-Oct-2024
 yellow skirt ,L,105.96, false,Bottoms,not a date
black jeans,XS,48.15,FALSE,Bottoms,2026-01-28
 brown belt ,XXL,30.08,FALSE,Accessories,08/23/2024
yellow-skirt ,Large,107.95,FALSE,Bottoms,01-May-2025
white dress,XS,197.54,FALSE,Dresses,09/20/2024
silver_tie  ,XS,free,TRUE,Accessories,2025-10-04
pink blouse,XXL,40.7,unknown,Tops,13/40/2024
NAVY BLAZER,med,145.28,FALSE,Formal,28-Jul-2025
green hoodie,xxl,,FALSE,Tops,2026-03-02
,M,79.85,,,19-Feb-2025
white_dress  ,s,172.68,TRUE,Dresses,12/21/2024
blue-pants ,L,-57.78,Y,Bottoms,2025-10-07T04:55:00
black jeans,L,72.94,FALSE,Bottoms,07-Oct-2025
khaki shorts,M,69.69,FALSE,Bottoms,08/05/2025
black tuxedo,S,-321.27,TRUE,Formal,09-Oct-2024
Black Tuxedo,xxl,"752,000",FALSE,Formal,17-Dec-2024
black_jeans ,XL,,TRUE,Bottoms,04/07/2025
gray sweater,S,,TRUE,Tops,2025-11-15
white sneakers,XS,,FALSE,Shoes,10/27/2025
white dress,3XL,251.66,FALSE,Dresses,18-Jan-2025
white_tuxedo ,L,425.99,TRUE,Formal,09/24/2024
WHITE TUXEDO,XL,511.35,TRUE,Formal,
yellow skirt, M ,3466.5,Y,Bottoms,29-Sep-2025
??,XS,-324.64,TRUE,Bottoms,2024-11-19
blue shirt,XXL,,FALSE,Tops,21-Aug-2025
Blue Shirt,M,44.49,TRUE,Tops,09/20/2025
white-tuxedo  ,One Size,618.36,TRUE,Formal,2025-03-18
denim jacket,XS,195.43,TRUE,Outerwear,22-Jan-2026
leather wallet,XL,,TRUE,Accessories,2024-12-08
blue shirt,XS,51.99,FALSE,Tops,2025-05-16
Red Shirt,XL,53.79,unknown,Tops,12-Jan-2026
red shirt,S,33.49,FALSE,Tops,10/13/2025
black boots,S,,,Shoes,06/11/2025
white dress,M,154.9,TRUE,Dresses,30-Aug-2025
leather wallet,XXL,85.18,FALSE,Accessories,07/30/2025
BLUE PANTS,XL,42.57,FALSE,Bottoms,11-Aug-2025
Red Shirt,XL,33.74,FALSE,Tops,2024-10-26
yellow skirt,XS,-49.88,unknown,Bottoms,
silver tie,XXL,55.91 USD,TRUE,Accessories,2025-05-06
