TourID,Attraction_1,Attraction_2,Attraction_3,Attraction_4,Attraction_5,Attraction_6
0,Boat Tour,Historic Site,Theater,,,
1,Historic Site,City Park,Temple,Art Gallery,,
2,Boat Tour,Museum,Art Gallery,,,
3,Aquarium,Shopping Center,Food Tour,Botanical Garden,Scenic Train Ride,
4,Beach,Local Market,Boat Tour,,,
5,Mountain Hike,Winery,,,,
6,Mountain Hike,Art Gallery,City Park,,,
7,Skyline View,Zoo,Museum,Shopping Center,Art Gallery,Local Market
8,Zoo,Museum,Amusement Park,City Park,Food Tour,
9,Concert,Scenic Train Ride,,,,
10,Food Tour,Scenic Train Ride,Historic Site,Temple,City Park,
11,City Park,Food Tour,Aquarium,Skyline View,Amusement Park,
12,City Park,Beach,Local Market,Historic Site,,
13,Museum,Mountain Hike,Skyline View,Food Tour,,
14,Mountain Hike,Boat Tour,Shopping Center,,,
15,Boat Tour,Art Gallery,,,,
16,Zoo,Historic Site,Food Tour,Museum,Amusement Park,
17,Boat Tour,Concert,Mountain Hike,,,
18,Amusement Park,Shopping Center,Beach,,,
19,Shopping Center,Temple,Food Tour,,,
20,Boat Tour,Skyline View,Art Gallery,Concert,,
21,Aquarium,Amusement Park,Mountain Hike,City Park,,
22,Local Market,Botanical Garden,Beach,,,
23,Local Market,Shopping Center,Amusement Park,Food Tour,Botanical Garden,Historic Site
24,Amusement Park,Theater,,,,
25,Skyline View,Boat Tour,Scenic Train Ride,,,
26,Concert,Scenic Train Ride,Temple,Skyline View,,
27,Museum,Scenic Train Ride,Theater,Winery,Art Gallery,Boat Tour
28,Mountain Hike,Botanical Garden,,,,
29,Food Tour,Temple,Art Gallery,Mountain Hike,Aquarium,
30,Scenic Train Ride,Historic Site,Mountain Hike,Local Market,Shopping Center,Botanical Garden
31,Museum,Skyline View,Temple,,,
32,Concert,Boat Tour,,,,
33,Museum,Winery,Boat Tour,Amusement Park,Skyline View,Mountain Hike
34,Boat Tour,Mountain Hike,Museum,City Park,Amusement Park,
35,City Park,Concert,,,,
36,Museum,Historic Site,Art Gallery,Concert,Aquarium,Shopping Center
37,Food Tour,Theater,Zoo,,,
38,Zoo,Local Market,,,,
39,Art Gallery,Winery,Food Tour,Shopping Center,Zoo,
40,City Park,Temple,Skyline View,Food Tour,Winery,
41,Art Gallery,Mountain Hike,Aquarium,Shopping Center,Local Market,
42,Amusement Park,Botanical Garden,Aquarium,Shopping Center,Museum,
43,Mountain Hike,City Park,,,,
44,Amusement Park,Theater,Boat Tour,,,
45,Theater,Boat Tour,Winery,,,
46,Skyline View,Beach,Concert,Amusement Park,Mountain Hike,
47,Art Gallery,Mountain Hike,Scenic Train Ride,Zoo,Local Market,Historic Site
48,Shopping Center,Zoo,Amusement Park,Historic Site,,
49,Zoo,Concert,Theater,,,
50,Theater,Concert,,,,
51,Temple,Art Gallery,Zoo,,,
52,Scenic Train Ride,Mountain Hike,,,,
53,Botanical Garden,Aquarium,,,,
54,Shopping Center,Art Gallery,City Park,Temple,,
55,Art Gallery,Local Market,Botanical Garden,Shopping Center,Boat Tour,
56,Boat Tour,Beach,Amusement Park,Temple,Local Market,
57,Zoo,Botanical Garden,Shopping Center,Concert,Winery,
58,Zoo,Temple,,,,
59,Beach,Theater,Mountain Hike,Historic Site,,
60,Museum,Historic Site,Zoo,,,
61,Zoo,Historic Site,Boat Tour,Shopping Center,Concert,Local Market
62,Skyline View,Food Tour,Art Gallery,Botanical Garden,Amusement Park,
63,City Park,Museum,Beach,Amusement Park,Temple,Mountain Hike
64,Zoo,Mountain Hike,Amusement Park,,,
65,City Park,Shopping Center,Scenic Train Ride,,,
66,Skyline View,Historic Site,,,,
67,Historic Site,Boat Tour,Concert,City Park,Beach,Winery
68,Botanical Garden,Boat Tour,,,,
69,Beach,Zoo,Botanical Garden,Theater,,
70,Temple,Botanical Garden,City Park,Museum,Art Gallery,Historic Site
71,Shopping Center,Temple,Aquarium,Concert,Historic Site,City Park
72,Botanical Garden,Aquarium,,,,
73,Mountain Hike,Skyline View,Amusement Park,,,
74,Shopping Center,Skyline View,Museum,Local Market,Scenic Train Ride,
75,Zoo,Mountain Hike,,,,
76,Aquarium,Skyline View,Mountain Hike,Museum,Historic Site,Concert
77,Concert,Beach,Shopping Center,Aquarium,,
78,Museum,Historic Site,Art Gallery,,,
79,Shopping Center,Concert,Food Tour,Boat Tour,Scenic Train Ride,
80,City Park,Art Gallery,,,,
81,Temple,Winery,Art Gallery,,,
82,Food Tour,Scenic Train Ride,,,,
83,Winery,Historic Site,Mountain Hike,,,
84,Theater,Food Tour,Botanical Garden,Local Market,,
85,Historic Site,Museum,Art Gallery,,,
86,Shopping Center,Scenic Train Ride,Art Gallery,,,
87,Shopping Center,Temple,Local Market,Boat Tour,Beach,Skyline View
88,Temple,City Park,Local Market,,,
89,Concert,Amusement Park,City Park,Historic Site,Mountain Hike,
90,Food Tour,Aquarium,Mountain Hike,Botanical Garden,,
91,Botanical Garden,Theater,,,,
92,Amusement Park,Temple,,,,
93,Skyline View,Museum,Historic Site,Botanical Garden,Local Market,Food Tour
94,Aquarium,Zoo,City Park,Theater,Art Gallery,Museum
95,Scenic Train Ride,Winery,Concert,,,
96,Temple,Amusement Park,Botanical Garden,,,
97,Skyline View,Art Gallery,City Park,Theater,Food Tour,Museum
98,Art Gallery,Botanical Garden,City Park,Historic Site,Temple,Theater
99,Scenic Train Ride,Mountain Hike,Concert,Zoo,Food Tour,
100,Skyline View,Scenic Train Ride,Botanical Garden,Winery,,
101,Art Gallery,Boat Tour,Museum,,,
102,Theater,Botanical Garden,Beach,Mountain Hike,Temple,City Park
103,Museum,Amusement Park,,,,
104,Local Market,Winery,Boat Tour,,,
105,Winery,Theater,Local Market,Skyline View,,
106,Local Market,Temple,City Park,,,
107,Boat Tour,Beach,Botanical Garden,Shopping Center,Local Market,Art Gallery
108,Zoo,Aquarium,Food Tour,City Park,Local Market,
109,City Park,Art Gallery,Botanical Garden,Local Market,Historic Site,Skyline View
110,Historic Site,Art Gallery,Scenic Train Ride,Boat Tour,,
111,Concert,Art Gallery,Mountain Hike,Zoo,Historic Site,
112,Mountain Hike,Zoo,Botanical Garden,Museum,,
113,Mountain Hike,Museum,Scenic Train Ride,Boat Tour,,
114,Art Gallery,Boat Tour,Botanical Garden,,,
115,Concert,Temple,Boat Tour,,,
116,Mountain Hike,Food Tour,Theater,Shopping Center,Historic Site,
117,Food Tour,Beach,Mountain Hike,Historic Site,Concert,
118,Food Tour,Zoo,Concert,,,
119,Aquarium,Art Gallery,Botanical Garden,Shopping Center,,
120,Scenic Train Ride,Art Gallery,Temple,City Park,Historic Site,Zoo
121,Art Gallery,Food Tour,,,,
122,Art Gallery,Local Market,Aquarium,Theater,,
123,Concert,Boat Tour,Food Tour,Beach,,
124,Temple,Shopping Center,Scenic Train Ride,Food Tour,,
125,Museum,Aquarium,Scenic Train Ride,Food Tour,Theater,
126,Zoo,Historic Site,,,,
127,Temple,City Park,Food Tour,Theater,Shopping Center,
128,Temple,Local Market,Mountain Hike,,,
129,Shopping Center,Mountain Hike,Boat Tour,Local Market,,
130,Beach,Skyline View,,,,
131,Skyline View,Historic Site,Winery,,,
132,Zoo,Botanical Garden,,,,
133,Aquarium,Food Tour,Shopping Center,Zoo,Amusement Park,
134,Beach,Art Gallery,Mountain Hike,,,
135,City Park,Amusement Park,Skyline View,,,
136,Local Market,Skyline View,,,,
137,Theater,Museum,Winery,Historic Site,Art Gallery,Amusement Park
138,Scenic Train Ride,Museum,Historic Site,Amusement Park,,
139,Food Tour,Boat Tour,Winery,Concert,Skyline View,Temple
140,Theater,Scenic Train Ride,,,,
141,Aquarium,Local Market,Boat Tour,,,
142,Museum,Amusement Park,Skyline View,Boat Tour,Historic Site,
143,Local Market,Beach,,,,
144,Concert,City Park,,,,
145,Museum,Temple,Boat Tour,Winery,,
146,Skyline View,Shopping Center,Zoo,Museum,Beach,
147,Historic Site,Beach,Food Tour,Botanical Garden,Art Gallery,
148,Historic Site,Mountain Hike,Amusement Park,Food Tour,Boat Tour,Museum
149,City Park,Theater,,,,
150,Theater,Historic Site,Scenic Train Ride,Boat Tour,Skyline View,
151,Mountain Hike,Amusement Park,,,,
152,Skyline View,Beach,,,,
153,Temple,Winery,Concert,,,
154,Aquarium,Theater,Shopping Center,Historic Site,Skyline View,
155,Historic Site,Skyline View,Aquarium,Art Gallery,,
156,Temple,Aquarium,Food Tour,Botanical Garden,,
157,Botanical Garden,City Park,Theater,Food Tour,Amusement Park,Mountain Hike
158,Aquarium,Museum,,,,
159,Museum,Amusement Park,Temple,Boat Tour,City Park,Zoo
160,Beach,Shopping Center,Boat Tour,Zoo,Museum,Art Gallery
161,Winery,Theater,,,,
162,Shopping Center,Temple,,,,
163,Temple,Theater,Local Market,,,
164,Aquarium,Theater,City Park,Temple,Museum,
165,Mountain Hike,City Park,,,,
166,Zoo,Mountain Hike,Beach,,,
167,Amusement Park,Temple,Theater,Art Gallery,Boat Tour,Shopping Center
168,Amusement Park,Aquarium,Skyline View,Mountain Hike,,
169,Scenic Train Ride,Art Gallery,,,,
170,Temple,Zoo,,,,
171,Skyline View,Boat Tour,Art Gallery,Museum,Local Market,Mountain Hike
172,Aquarium,Art Gallery,Amusement Park,,,
173,Scenic Train Ride,Shopping Center,Boat Tour,Beach,Art Gallery,Mountain Hike
174,Historic Site,Theater,Museum,Zoo,,
175,Theater,Local Market,City Park,Museum,,
176,Temple,Local Market,Amusement Park,Theater,,
177,Temple,City Park,Boat Tour,Winery,Aquarium,Zoo
178,Scenic Train Ride,Temple,Beach,Concert,,
179,Museum,Concert,Mountain Hike,Zoo,Art Gallery,Temple
180,Aquarium,Theater,Temple,Local Market,Shopping Center,
181,Amusement Park,Local Market,,,,
182,Scenic Train Ride,Zoo,Boat Tour,,,
183,Aquarium,Beach,Winery,Amusement Park,Zoo,Botanical Garden
184,Food Tour,Winery,Mountain Hike,,,
185,Zoo,Botanical Garden,,,,
186,Theater,Aquarium,Museum,,,
187,Zoo,Skyline View,Art Gallery,Museum,Shopping Center,Mountain Hike
188,Skyline View,City Park,Botanical Garden,Local Market,Art Gallery,Temple
189,Amusement Park,Museum,,,,
190,Museum,Mountain Hike,Aquarium,Botanical Garden,,
191,Theater,Historic Site,Museum,,,
192,Aquarium,Food Tour,Botanical Garden,Art Gallery,Zoo,Theater
193,Historic Site,City Park,Museum,Boat Tour,,
194,Skyline View,Local Market,Mountain Hike,,,
195,Museum,Scenic Train Ride,,,,
196,Amusement Park,Theater,Skyline View,Boat Tour,,
197,Museum,Food Tour,Local Market,Zoo,Aquarium,Temple
198,Zoo,Temple,Skyline View,Amusement Park,Boat Tour,Theater
199,Museum,Zoo,Aquarium,Mountain Hike,Botanical Garden,Art Gallery
200,Beach,Aquarium,Botanical Garden,,,
201,City Park,Local Market,Mountain Hike,Shopping Center,Theater,
202,Amusement Park,Concert,Mountain Hike,Scenic Train Ride,,
203,Boat Tour,Theater,Art Gallery,Aquarium,Food Tour,
204,Mountain Hike,Shopping Center,,,,
205,Skyline View,Local Market,Temple,,,
206,Shopping Center,Beach,Food Tour,Winery,Temple,Local Market
207,Food Tour,Scenic Train Ride,Museum,,,
208,Mountain Hike,Historic Site,Boat Tour,,,
209,Art Gallery,Zoo,Boat Tour,Mountain Hike,City Park,
210,Winery,Beach,Boat Tour,Local Market,Theater,Temple
211,City Park,Historic Site,Local Market,,,
212,Boat Tour,Beach,Amusement Park,Historic Site,Local Market,Concert
213,Shopping Center,Beach,Local Market,Zoo,,
214,Aquarium,Historic Site,City Park,Botanical Garden,,
215,Museum,Food Tour,Scenic Train Ride,Beach,,
216,Museum,Shopping Center,,,,
217,Concert,Temple,,,,
218,Zoo,Mountain Hike,Historic Site,,,
219,Local Market,Winery,Amusement Park,Beach,,
220,Local Market,Food Tour,Scenic Train Ride,,,
221,Historic Site,Local Market,Theater,Art Gallery,Mountain Hike,Beach
222,Museum,Food Tour,City Park,Theater,Mountain Hike,Historic Site
223,Mountain Hike,Theater,Skyline View,,,
224,Art Gallery,Museum,Shopping Center,Aquarium,Botanical Garden,City Park
225,Beach,City Park,Botanical Garden,,,
226,Mountain Hike,Museum,Scenic Train Ride,,,
227,Local Market,Winery,Shopping Center,Museum,Botanical Garden,
228,Boat Tour,Scenic Train Ride,Aquarium,Museum,Shopping Center,Art Gallery
229,Beach,Food Tour,,,,
230,Boat Tour,Amusement Park,,,,
231,Theater,Skyline View,,,,
232,Amusement Park,Concert,,,,
233,Art Gallery,Zoo,Food Tour,,,
234,Temple,Skyline View,City Park,Amusement Park,Mountain Hike,Concert
235,Food Tour,City Park,,,,
236,Beach,Aquarium,Boat Tour,Scenic Train Ride,Amusement Park,
237,Temple,Skyline View,Zoo,,,
238,City Park,Beach,Boat Tour,Winery,Art Gallery,Amusement Park
239,Botanical Garden,Amusement Park,Mountain Hike,Food Tour,,
240,City Park,Scenic Train Ride,,,,
241,Art Gallery,Scenic Train Ride,Theater,,,
242,Beach,Aquarium,,,,
243,Mountain Hike,Historic Site,Winery,Food Tour,Museum,
244,Boat Tour,Aquarium,Amusement Park,Concert,,
245,Boat Tour,Historic Site,Local Market,Winery,Food Tour,
246,Concert,Winery,,,,
247,Art Gallery,City Park,Zoo,Concert,Mountain Hike,
248,Shopping Center,Scenic Train Ride,Local Market,,,
249,Boat Tour,Aquarium,Art Gallery,Beach,Theater,Local Market
250,Shopping Center,Art Gallery,Concert,Temple,Local Market,Food Tour
251,Theater,Historic Site,Museum,Amusement Park,,
252,Food Tour,Museum,City Park,Historic Site,,
253,Food Tour,Beach,Winery,Botanical Garden,Historic Site,Local Market
254,Skyline View,Food Tour,Art Gallery,,,
255,Amusement Park,Museum,Shopping Center,,,
256,Zoo,Mountain Hike,Shopping Center,Theater,Concert,Temple
257,Scenic Train Ride,Local Market,Botanical Garden,Mountain Hike,Shopping Center,
258,Zoo,Art Gallery,,,,
259,Boat Tour,Scenic Train Ride,Concert,Museum,Amusement Park,Theater
260,Concert,Winery,Local Market,,,
261,Beach,Food Tour,Scenic Train Ride,,,
262,Zoo,Food Tour,Scenic Train Ride,Museum,,
263,Amusement Park,Art Gallery,Theater,,,
264,Food Tour,Art Gallery,Botanical Garden,Museum,,
265,Mountain Hike,Zoo,Scenic Train Ride,City Park,Skyline View,Concert
266,City Park,Historic Site,Beach,Aquarium,Zoo,Scenic Train Ride
267,Aquarium,Theater,,,,
268,Amusement Park,Aquarium,Concert,Temple,Beach,
269,Zoo,Food Tour,Art Gallery,Skyline View,City Park,Local Market
270,Historic Site,Botanical Garden,Museum,,,
271,Aquarium,Shopping Center,Museum,,,
272,Beach,Aquarium,Amusement Park,Skyline View,Concert,Mountain Hike
273,Mountain Hike,Amusement Park,Botanical Garden,Concert,Boat Tour,Local Market
274,Skyline View,Local Market,Winery,Scenic Train Ride,Zoo,Shopping Center
275,Skyline View,City Park,Mountain Hike,Shopping Center,,
276,Botanical Garden,Historic Site,Food Tour,,,
277,Boat Tour,Skyline View,,,,
278,Temple,Boat Tour,Theater,Zoo,Museum,
279,Winery,Zoo,Temple,City Park,Theater,
280,Local Market,Theater,,,,
281,Botanical Garden,Temple,Concert,,,
282,Winery,Skyline View,Boat Tour,Food Tour,Shopping Center,Historic Site
283,Temple,Zoo,Winery,Historic Site,Art Gallery,Botanical Garden
284,Shopping Center,Concert,Winery,,,
285,Zoo,Aquarium,,,,
286,Zoo,Concert,Theater,,,
287,Historic Site,Museum,Scenic Train Ride,Boat Tour,Amusement Park,Skyline View
288,Beach,Museum,Concert,Art Gallery,,
289,Concert,Boat Tour,Museum,Zoo,,
290,Historic Site,Winery,Zoo,Skyline View,Local Market,Museum
291,Boat Tour,Theater,Skyline View,Scenic Train Ride,Temple,
292,Temple,Theater,Concert,Zoo,Shopping Center,
293,Concert,Food Tour,,,,
294,Boat Tour,Zoo,Winery,Historic Site,Art Gallery,Amusement Park
295,Aquarium,Temple,Museum,City Park,,
296,Beach,Zoo,Shopping Center,,,
297,Beach,Aquarium,Winery,,,
298,Aquarium,Theater,Boat Tour,,,
299,City Park,Beach,Winery,Food Tour,Local Market,
300,Amusement Park,Shopping Center,,,,
301,Shopping Center,Zoo,Museum,Theater,Temple,Beach
302,Scenic Train Ride,Shopping Center,Food Tour,,,
303,Museum,Aquarium,Boat Tour,Temple,Local Market,Historic Site
304,Skyline View,Aquarium,,,,
305,Historic Site,Skyline View,Temple,Theater,,
306,Local Market,Beach,,,,
307,Art Gallery,Amusement Park,Zoo,Boat Tour,Skyline View,Botanical Garden
308,Winery,Boat Tour,Amusement Park,Concert,Zoo,Botanical Garden
309,Beach,Winery,,,,
310,Botanical Garden,Scenic Train Ride,Temple,Shopping Center,City Park,
311,Amusement Park,Winery,Scenic Train Ride,City Park,Theater,Botanical Garden
312,Concert,Aquarium,Winery,Shopping Center,Food Tour,
313,Beach,Amusement Park,Historic Site,Mountain Hike,Skyline View,Shopping Center
314,Zoo,Amusement Park,Mountain Hike,Boat Tour,Winery,
315,Temple,Shopping Center,Beach,Food Tour,,
316,City Park,Amusement Park,,,,
317,Beach,Mountain Hike,City Park,Boat Tour,,
318,Boat Tour,City Park,Aquarium,,,
319,City Park,Local Market,,,,
320,Theater,Beach,Mountain Hike,Winery,Museum,Boat Tour
321,Art Gallery,Amusement Park,,,,
322,Zoo,Museum,City Park,,,
323,Beach,Zoo,Aquarium,Food Tour,Scenic Train Ride,Concert
324,Art Gallery,Beach,Amusement Park,Theater,Local Market,Zoo
325,Beach,Theater,Botanical Garden,Boat Tour,Aquarium,Zoo
326,Amusement Park,Winery,Scenic Train Ride,Temple,City Park,Local Market
327,Mountain Hike,Skyline View,Historic Site,Art Gallery,Concert,
328,Amusement Park,Concert,,,,
329,Mountain Hike,Shopping Center,Historic Site,Museum,Scenic Train Ride,Art Gallery
330,Scenic Train Ride,Amusement Park,Historic Site,Concert,Mountain Hike,Boat Tour
331,Skyline View,Temple,Shopping Center,,,
332,Local Market,City Park,,,,
333,Shopping Center,Historic Site,Museum,City Park,Zoo,
334,Winery,Beach,Amusement Park,Theater,Local Market,
335,Theater,Concert,Historic Site,Shopping Center,Food Tour,Zoo
336,Aquarium,Winery,Local Market,Shopping Center,,
337,Food Tour,Art Gallery,,,,
338,Temple,Scenic Train Ride,,,,
339,Scenic Train Ride,Boat Tour,Zoo,Local Market,Skyline View,Amusement Park
340,Aquarium,Art Gallery,Skyline View,Beach,,
341,Zoo,Historic Site,,,,
342,Aquarium,Amusement Park,Temple,Boat Tour,Museum,City Park
343,Mountain Hike,Historic Site,Aquarium,Botanical Garden,,
344,City Park,Beach,,,,
345,Shopping Center,Scenic Train Ride,Zoo,,,
346,Aquarium,Food Tour,Boat Tour,,,
347,Theater,Botanical Garden,Mountain Hike,Local Market,,
348,Beach,Winery,City Park,Shopping Center,Zoo,
349,Aquarium,Mountain Hike,Amusement Park,City Park,,
350,City Park,Food Tour,Theater,Zoo,Art Gallery,Mountain Hike
351,Mountain Hike,Botanical Garden,Theater,Winery,Boat Tour,
352,Scenic Train Ride,Winery,Mountain Hike,Museum,Concert,Art Gallery
353,Theater,Skyline View,Amusement Park,Concert,Local Market,City Park
354,City Park,Skyline View,Art Gallery,Zoo,Theater,
355,Boat Tour,Historic Site,Theater,Amusement Park,,
356,Winery,Botanical Garden,,,,
357,Amusement Park,Art Gallery,Mountain Hike,Boat Tour,Shopping Center,Temple
358,Beach,Local Market,Amusement Park,Historic Site,Shopping Center,Temple
359,Scenic Train Ride,Botanical Garden,Zoo,Amusement Park,Art Gallery,
360,Theater,Local Market,Food Tour,Aquarium,Historic Site,
361,Aquarium,Museum,Boat Tour,Beach,Shopping Center,Botanical Garden
362,Art Gallery,Concert,Boat Tour,Scenic Train Ride,,
363,Skyline View,Historic Site,Food Tour,Shopping Center,Concert,
364,Beach,Food Tour,Historic Site,Botanical Garden,,
365,Theater,Scenic Train Ride,Boat Tour,,,
366,Historic Site,Boat Tour,Local Market,Beach,Aquarium,
367,Local Market,Mountain Hike,Concert,,,
368,City Park,Amusement Park,Skyline View,,,
369,Skyline View,Temple,Scenic Train Ride,,,
370,Botanical Garden,Scenic Train Ride,Temple,Mountain Hike,,
371,City Park,Shopping Center,Scenic Train Ride,Local Market,Beach,
372,City Park,Mountain Hike,,,,
373,Concert,Art Gallery,,,,
374,Concert,City Park,Winery,Botanical Garden,Museum,
375,Theater,Beach,Mountain Hike,City Park,Winery,Amusement Park
376,Shopping Center,Boat Tour,Mountain Hike,,,
377,Botanical Garden,Concert,Zoo,Aquarium,Scenic Train Ride,Temple
378,Food Tour,Shopping Center,Art Gallery,Skyline View,Temple,Zoo
379,Local Market,Botanical Garden,Winery,Mountain Hike,Boat Tour,Scenic Train Ride
380,Shopping Center,Food Tour,,,,
381,City Park,Aquarium,Beach,Historic Site,Zoo,Mountain Hike
382,Historic Site,Boat Tour,Scenic Train Ride,,,
383,Historic Site,City Park,Boat Tour,,,
384,Botanical Garden,Boat Tour,Local Market,Temple,,
385,Botanical Garden,Food Tour,City Park,Shopping Center,,
386,Temple,Scenic Train Ride,Beach,Theater,,
387,Historic Site,Concert,Food Tour,Boat Tour,Temple,
388,Museum,Shopping Center,,,,
389,Botanical Garden,Boat Tour,,,,
390,Skyline View,Aquarium,Museum,Botanical Garden,,
391,Food Tour,Theater,Zoo,,,
392,Amusement Park,Botanical Garden,Zoo,Local Market,Concert,Shopping Center
393,Art Gallery,Historic Site,Botanical Garden,City Park,Scenic Train Ride,
394,Botanical Garden,Shopping Center,Food Tour,Skyline View,,
395,Theater,Shopping Center,Zoo,,,
396,Amusement Park,Concert,Food Tour,Beach,Aquarium,City Park
397,Winery,Amusement Park,Food Tour,Art Gallery,Temple,Museum
398,Skyline View,Historic Site,Mountain Hike,Museum,,
399,City Park,Concert,Theater,Boat Tour,Temple,
400,Museum,Boat Tour,,,,
401,Boat Tour,Botanical Garden,Temple,Historic Site,,
402,Boat Tour,Historic Site,Winery,Aquarium,Amusement Park,Art Gallery
403,Botanical Garden,Aquarium,City Park,Shopping Center,,
404,Concert,Scenic Train Ride,Art Gallery,Amusement Park,Museum,
405,Amusement Park,Art Gallery,City Park,Scenic Train Ride,Aquarium,
406,Art Gallery,Skyline View,,,,
407,Beach,Local Market,Temple,Winery,,
408,Theater,Zoo,Beach,City Park,Art Gallery,
409,Concert,Aquarium,Amusement Park,Skyline View,Temple,
410,Scenic Train Ride,City Park,Food Tour,,,
411,Zoo,Art Gallery,,,,
412,Concert,Theater,Local Market,Food Tour,,
413,Mountain Hike,Museum,,,,
414,Museum,Winery,Boat Tour,Shopping Center,,
415,Aquarium,City Park,Historic Site,Food Tour,,
416,Food Tour,Temple,Museum,Concert,Skyline View,
417,Shopping Center,Beach,Theater,Mountain Hike,Zoo,Botanical Garden
418,Aquarium,Shopping Center,City Park,Local Market,Theater,
419,Amusement Park,Zoo,Temple,Concert,Beach,
420,Scenic Train Ride,Zoo,Food Tour,Temple,,
421,City Park,Amusement Park,Boat Tour,Scenic Train Ride,Local Market,
422,Local Market,City Park,Aquarium,Mountain Hike,Museum,
423,Food Tour,Zoo,Aquarium,,,
424,Food Tour,Aquarium,,,,
425,Amusement Park,Botanical Garden,Skyline View,Winery,Food Tour,
426,Zoo,Historic Site,,,,
427,Scenic Train Ride,Botanical Garden,Aquarium,Boat Tour,Theater,
428,Winery,Botanical Garden,Historic Site,,,
429,Aquarium,Museum,,,,
430,Beach,Temple,Museum,Food Tour,Botanical Garden,Concert
431,Art Gallery,Theater,Food Tour,,,
432,Boat Tour,Historic Site,Aquarium,Winery,Food Tour,
433,Museum,Temple,Botanical Garden,,,
434,Concert,Historic Site,Amusement Park,Local Market,,
435,Temple,Historic Site,Museum,Theater,,
436,Art Gallery,Beach,,,,
437,Skyline View,Amusement Park,Beach,Local Market,Mountain Hike,Winery
438,Winery,Theater,Scenic Train Ride,,,
439,Food Tour,Aquarium,Winery,Temple,,
440,Scenic Train Ride,Mountain Hike,Food Tour,,,
441,Winery,Art Gallery,,,,
442,Winery,Scenic Train Ride,Beach,Theater,Mountain Hike,
443,Mountain Hike,Aquarium,Temple,Zoo,Local Market,Theater
444,Mountain Hike,Food Tour,Museum,Temple,Local Market,
445,Botanical Garden,Amusement Park,Shopping Center,Local Market,,
446,Shopping Center,Beach,Temple,Art Gallery,Skyline View,
447,Scenic Train Ride,Historic Site,Skyline View,,,
448,Food Tour,Scenic Train Ride,,,,
449,Temple,Winery,Botanical Garden,,,
450,Boat Tour,Scenic Train Ride,Art Gallery,Shopping Center,Zoo,Local Market
451,Beach,Scenic Train Ride,Theater,,,
452,Local Market,Aquarium,Shopping Center,,,
453,Winery,Botanical Garden,City Park,Historic Site,Boat Tour,Aquarium
454,Shopping Center,Aquarium,Historic Site,Scenic Train Ride,,
455,Shopping Center,Skyline View,Temple,,,
456,Art Gallery,Local Market,Concert,City Park,Beach,
457,Beach,City Park,Boat Tour,,,
458,Botanical Garden,Aquarium,Art Gallery,,,
459,Aquarium,Local Market,Boat Tour,Museum,,
460,Food Tour,Zoo,Skyline View,Temple,Local Market,
461,Amusement Park,Botanical Garden,Theater,Historic Site,,
462,Local Market,Concert,Skyline View,Museum,Theater,Zoo
463,Botanical Garden,Theater,Concert,Zoo,Aquarium,
464,Zoo,Temple,Winery,Historic Site,,
465,City Park,Skyline View,Concert,,,
466,Local Market,Aquarium,Concert,Theater,Botanical Garden,City Park
467,Shopping Center,Winery,Mountain Hike,,,
468,Historic Site,Temple,Beach,Aquarium,Scenic Train Ride,
469,Beach,Winery,Historic Site,Amusement Park,Zoo,
470,Historic Site,Shopping Center,Scenic Train Ride,,,
471,Botanical Garden,Winery,Theater,Temple,Beach,Scenic Train Ride
472,Art Gallery,Mountain Hike,Botanical Garden,Concert,Museum,Zoo
473,Boat Tour,Aquarium,,,,
474,Botanical Garden,Theater,City Park,Skyline View,,
475,Scenic Train Ride,Winery,Food Tour,Aquarium,Boat Tour,Art Gallery
476,Aquarium,Zoo,,,,
477,Winery,Concert,,,,
478,Theater,Temple,Mountain Hike,Local Market,,
479,Museum,Art Gallery,,,,
480,Museum,Amusement Park,,,,
481,Amusement Park,Museum,,,,
482,Beach,Theater,Aquarium,,,
483,Theater,Zoo,Temple,Aquarium,Museum,
484,Theater,Mountain Hike,Boat Tour,Temple,Historic Site,
485,City Park,Concert,Beach,,,
486,Skyline View,Temple,,,,
487,Art Gallery,Museum,Zoo,Boat Tour,Aquarium,
488,Historic Site,Winery,Skyline View,,,
489,Food Tour,Amusement Park,Botanical Garden,Theater,Aquarium,
490,Museum,Beach,Skyline View,,,
491,Food Tour,Temple,Boat Tour,Historic Site,,
492,Museum,Art Gallery,Theater,Amusement Park,,
493,Concert,Mountain Hike,Scenic Train Ride,Aquarium,Amusement Park,Art Gallery
494,Food Tour,Skyline View,City Park,,,
495,Amusement Park,Art Gallery,Beach,,,
496,Boat Tour,Beach,Aquarium,Concert,Mountain Hike,
497,Botanical Garden,Local Market,Winery,Temple,Beach,
498,Museum,Local Market,Theater,Botanical Garden,Temple,
499,Historic Site,Winery,Zoo,,,
500,Shopping Center,Zoo,Historic Site,Theater,,
501,Amusement Park,Winery,Beach,,,
502,Historic Site,Skyline View,Food Tour,Local Market,Scenic Train Ride,
503,Temple,Beach,Mountain Hike,Scenic Train Ride,Amusement Park,Aquarium
504,Theater,Aquarium,,,,
505,Mountain Hike,Botanical Garden,Boat Tour,Historic Site,,
506,Temple,Scenic Train Ride,Amusement Park,City Park,Historic Site,Beach
507,Boat Tour,Zoo,Scenic Train Ride,Temple,,
508,Local Market,Winery,,,,
509,Mountain Hike,Zoo,Historic Site,,,
510,Winery,Museum,Mountain Hike,Boat Tour,,
511,Historic Site,Winery,,,,
512,Art Gallery,Winery,Museum,Amusement Park,Shopping Center,Concert
513,Museum,Skyline View,Concert,Boat Tour,,
514,Boat Tour,Concert,City Park,Local Market,Scenic Train Ride,
515,Art Gallery,Theater,,,,
516,Theater,Boat Tour,Skyline View,Mountain Hike,Art Gallery,Amusement Park
517,Museum,Historic Site,Food Tour,,,
518,Historic Site,Food Tour,Art Gallery,,,
519,Beach,Scenic Train Ride,Temple,Art Gallery,Museum,Local Market
520,Art Gallery,Botanical Garden,Beach,,,
521,Scenic Train Ride,Food Tour,Temple,Aquarium,Skyline View,Boat Tour
522,Aquarium,Theater,Boat Tour,Art Gallery,Local Market,
523,Amusement Park,Scenic Train Ride,,,,
524,Amusement Park,Concert,Temple,Boat Tour,,
525,Boat Tour,Local Market,Theater,Museum,Amusement Park,Art Gallery
526,Historic Site,Mountain Hike,Art Gallery,Zoo,Beach,
527,Skyline View,Scenic Train Ride,Food Tour,Local Market,,
528,Boat Tour,Historic Site,Botanical Garden,,,
529,City Park,Aquarium,Food Tour,Mountain Hike,Historic Site,
530,Zoo,Beach,,,,
531,Art Gallery,Skyline View,Concert,Boat Tour,Historic Site,Shopping Center
532,Boat Tour,Skyline View,Art Gallery,Theater,,
533,Amusement Park,Museum,Theater,Scenic Train Ride,Temple,
534,Historic Site,Temple,Boat Tour,Skyline View,Theater,Scenic Train Ride
535,Shopping Center,Mountain Hike,Art Gallery,,,
536,Botanical Garden,Shopping Center,Scenic Train Ride,,,
537,Food Tour,Theater,Zoo,Beach,Museum,
538,Boat Tour,Shopping Center,Concert,Art Gallery,,
539,Art Gallery,Food Tour,Museum,,,
540,City Park,Zoo,Beach,,,
541,City Park,Historic Site,,,,
542,Concert,Shopping Center,Historic Site,Botanical Garden,Aquarium,
543,Skyline View,Scenic Train Ride,Botanical Garden,Theater,Zoo,
544,Museum,Shopping Center,Botanical Garden,,,
545,Mountain Hike,Amusement Park,Food Tour,Skyline View,Temple,Zoo
546,Zoo,Food Tour,,,,
547,Food Tour,Art Gallery,Shopping Center,City Park,Zoo,
548,Zoo,Scenic Train Ride,,,,
549,Mountain Hike,Concert,Zoo,Scenic Train Ride,,
550,Historic Site,Food Tour,Amusement Park,City Park,,
551,Mountain Hike,Food Tour,City Park,Zoo,Museum,
552,Amusement Park,Food Tour,Art Gallery,Beach,Museum,
553,Skyline View,Mountain Hike,Beach,,,
554,Temple,Art Gallery,Aquarium,Local Market,,
555,Beach,Art Gallery,Museum,Shopping Center,Historic Site,
556,Art Gallery,Historic Site,Food Tour,Theater,,
557,Shopping Center,Temple,,,,
558,Art Gallery,Skyline View,Concert,Beach,,
559,Mountain Hike,Theater,,,,
560,Winery,Local Market,Food Tour,City Park,,
561,Theater,Shopping Center,Skyline View,Art Gallery,,
562,Food Tour,Mountain Hike,Museum,Temple,,
563,Temple,Beach,Theater,,,
564,Food Tour,Boat Tour,Theater,Concert,Temple,
565,Theater,Local Market,Beach,,,
566,Zoo,Winery,Art Gallery,,,
567,Mountain Hike,Amusement Park,Museum,Aquarium,Concert,
568,Scenic Train Ride,Zoo,Theater,Historic Site,,
569,Skyline View,Art Gallery,Local Market,,,
570,Zoo,Scenic Train Ride,Museum,Food Tour,Boat Tour,Temple
571,Shopping Center,Winery,,,,
572,Food Tour,Shopping Center,Skyline View,,,
573,Concert,Aquarium,Boat Tour,Skyline View,City Park,
574,Mountain Hike,Shopping Center,Temple,Beach,Winery,
575,Shopping Center,Beach,,,,
576,Winery,Temple,Aquarium,Shopping Center,Art Gallery,Concert
577,Theater,City Park,Mountain Hike,Botanical Garden,Beach,
578,Skyline View,Zoo,Scenic Train Ride,Concert,Food Tour,
579,Winery,Beach,,,,
580,Botanical Garden,Zoo,,,,
581,Art Gallery,Winery,City Park,,,
582,Amusement Park,Local Market,Mountain Hike,Botanical Garden,Museum,
583,Museum,Boat Tour,Historic Site,Shopping Center,Amusement Park,
584,Temple,Amusement Park,Food Tour,Zoo,,
585,Theater,Botanical Garden,Mountain Hike,Beach,Scenic Train Ride,
586,Historic Site,Zoo,Temple,Mountain Hike,,
587,Museum,Food Tour,Mountain Hike,Aquarium,,
588,Temple,Zoo,,,,
589,Skyline View,Aquarium,Amusement Park,,,
590,Local Market,Amusement Park,,,,
591,Amusement Park,Art Gallery,Mountain Hike,Shopping Center,City Park,Museum
592,Mountain Hike,Local Market,Winery,Art Gallery,Temple,Botanical Garden
593,Concert,Food Tour,Historic Site,,,
594,Historic Site,Local Market,Skyline View,Theater,City Park,
595,Zoo,Local Market,,,,
596,Museum,Historic Site,Zoo,,,
597,Scenic Train Ride,Botanical Garden,Food Tour,Amusement Park,Art Gallery,
598,Aquarium,Historic Site,Mountain Hike,Museum,,
599,Temple,Amusement Park,Art Gallery,Scenic Train Ride,,
600,Zoo,Historic Site,Skyline View,Art Gallery,Local Market,
601,Skyline View,Aquarium,Museum,Zoo,Beach,
602,Shopping Center,Mountain Hike,Skyline View,Theater,Aquarium,
603,Aquarium,Beach,Food Tour,,,
604,Concert,Amusement Park,Shopping Center,,,
605,Food Tour,Museum,Concert,Mountain Hike,Zoo,Local Market
606,Temple,Shopping Center,Aquarium,Theater,,
607,Skyline View,Museum,Aquarium,Shopping Center,Mountain Hike,
608,Temple,Food Tour,Winery,,,
609,Temple,Aquarium,,,,
610,Winery,Museum,Aquarium,Shopping Center,,
611,Boat Tour,Amusement Park,Botanical Garden,Art Gallery,Temple,Beach
612,Theater,Beach,Skyline View,,,
613,Local Market,Historic Site,Boat Tour,Shopping Center,Skyline View,Amusement Park
614,Theater,Temple,City Park,Food Tour,,
615,Scenic Train Ride,Concert,Museum,Shopping Center,Aquarium,
616,Food Tour,Temple,,,,
617,Amusement Park,Food Tour,Zoo,,,
618,Botanical Garden,Temple,,,,
619,Art Gallery,Concert,Zoo,,,
620,Shopping Center,Art Gallery,Scenic Train Ride,Food Tour,,
621,Temple,Amusement Park,Botanical Garden,Scenic Train Ride,,
622,Museum,Art Gallery,Skyline View,,,
623,Beach,Botanical Garden,,,,
624,Skyline View,Food Tour,Boat Tour,,,
625,Zoo,Local Market,Concert,,,
626,Boat Tour,Botanical Garden,Theater,Beach,Mountain Hike,Amusement Park
627,Shopping Center,Aquarium,Zoo,Historic Site,Art Gallery,
628,Zoo,Scenic Train Ride,,,,
629,Art Gallery,City Park,Scenic Train Ride,Amusement Park,,
630,Theater,Concert,Aquarium,Boat Tour,Temple,Food Tour
631,Theater,City Park,Beach,Boat Tour,,
632,Skyline View,Art Gallery,Zoo,Mountain Hike,Historic Site,
633,Theater,Local Market,Amusement Park,Temple,Skyline View,Mountain Hike
634,Concert,Historic Site,Local Market,Art Gallery,Theater,
635,Botanical Garden,City Park,Art Gallery,,,
636,Local Market,Zoo,Museum,Historic Site,,
637,Botanical Garden,Concert,Museum,City Park,,
638,Food Tour,Skyline View,Mountain Hike,City Park,,
639,Boat Tour,Aquarium,Beach,Mountain Hike,Skyline View,
640,Beach,Boat Tour,Botanical Garden,,,
641,Zoo,Mountain Hike,Local Market,Theater,Temple,Museum
642,Concert,Winery,Shopping Center,Temple,City Park,Historic Site
643,Winery,City Park,Local Market,,,
644,Boat Tour,Temple,Shopping Center,Scenic Train Ride,Art Gallery,Aquarium
645,Food Tour,Historic Site,,,,
646,Theater,Mountain Hike,,,,
647,Beach,Historic Site,Aquarium,Museum,Local Market,
648,Art Gallery,Amusement Park,Historic Site,Zoo,Museum,Local Market
649,Art Gallery,Museum,Scenic Train Ride,Beach,Winery,Temple
650,Historic Site,Temple,Food Tour,Boat Tour,City Park,Local Market
651,Museum,Historic Site,Shopping Center,Concert,Botanical Garden,
652,Amusement Park,Winery,Zoo,Local Market,Concert,
653,Museum,Local Market,Zoo,Amusement Park,Historic Site,Beach
654,Local Market,Winery,Amusement Park,Historic Site,,
655,Temple,Theater,Local Market,,,
656,Boat Tour,Amusement Park,Mountain Hike,,,
657,Botanical Garden,Historic Site,Boat Tour,Theater,,
658,Aquarium,Food Tour,Local Market,Zoo,Mountain Hike,
659,City Park,Mountain Hike,,,,
660,Zoo,Boat Tour,Temple,Mountain Hike,Skyline View,
661,Temple,Shopping Center,Local Market,,,
662,Amusement Park,Beach,City Park,Mountain Hike,,
663,Amusement Park,Museum,Skyline View,,,
664,Boat Tour,City Park,,,,
665,Shopping Center,Concert,Skyline View,Amusement Park,Zoo,Temple
666,Local Market,Winery,Aquarium,,,
667,Local Market,Art Gallery,Scenic Train Ride,Botanical Garden,,
668,Concert,Food Tour,Zoo,Art Gallery,Amusement Park,Shopping Center
669,Food Tour,Shopping Center,,,,
670,Local Market,Historic Site,,,,
671,City Park,Local Market,Mountain Hike,Concert,Art Gallery,Beach
672,Mountain Hike,Art Gallery,Aquarium,,,
673,City Park,Local Market,Food Tour,Mountain Hike,Historic Site,Aquarium
674,Botanical Garden,Mountain Hike,,,,
675,Zoo,Food Tour,Mountain Hike,Skyline View,,
676,City Park,Botanical Garden,Shopping Center,Skyline View,,
677,Art Gallery,Temple,Scenic Train Ride,Winery,,
678,Art Gallery,Food Tour,Boat Tour,Skyline View,,
679,Historic Site,Zoo,Temple,Museum,Concert,
680,Aquarium,Art Gallery,Botanical Garden,,,
681,Beach,Aquarium,Temple,Theater,Concert,Scenic Train Ride
682,Amusement Park,Botanical Garden,Temple,Food Tour,Boat Tour,
683,Boat Tour,Beach,Skyline View,Mountain Hike,Museum,
684,Museum,Skyline View,Temple,Mountain Hike,Concert,Boat Tour
685,Concert,Shopping Center,Beach,Historic Site,,
686,Boat Tour,Skyline View,,,,
687,Beach,Food Tour,Mountain Hike,Shopping Center,Boat Tour,Local Market
688,City Park,Winery,Mountain Hike,,,
689,Food Tour,Amusement Park,,,,
690,Botanical Garden,Mountain Hike,Zoo,,,
691,Botanical Garden,Zoo,Amusement Park,Temple,,
692,Museum,City Park,Skyline View,Concert,,
693,Skyline View,Beach,,,,
694,Art Gallery,Shopping Center,Historic Site,Botanical Garden,Aquarium,
695,Zoo,Winery,City Park,Skyline View,,
696,Shopping Center,Theater,Zoo,,,
697,Botanical Garden,Boat Tour,Zoo,,,
698,Mountain Hike,Temple,,,,
699,Historic Site,Skyline View,,,,
700,Art Gallery,Shopping Center,Theater,Historic Site,,
701,Botanical Garden,Amusement Park,Scenic Train Ride,Museum,,
702,Botanical Garden,Food Tour,,,,
703,Mountain Hike,Historic Site,Botanical Garden,Skyline View,Shopping Center,
704,Theater,Local Market,,,,
705,Museum,Beach,Aquarium,City Park,Concert,Historic Site
706,Local Market,Botanical Garden,Skyline View,,,
707,Skyline View,Local Market,Amusement Park,,,
708,Theater,Art Gallery,Skyline View,Historic Site,,
709,Beach,Concert,Theater,Scenic Train Ride,,
710,Amusement Park,Art Gallery,,,,
711,Art Gallery,Museum,Amusement Park,,,
712,Amusement Park,Concert,Historic Site,Mountain Hike,Boat Tour,
713,City Park,Theater,Zoo,Boat Tour,Mountain Hike,Museum
714,Botanical Garden,Shopping Center,Theater,Temple,Museum,Historic Site
715,Concert,Food Tour,,,,
716,Mountain Hike,Scenic Train Ride,Boat Tour,Winery,,
717,Food Tour,Mountain Hike,Botanical Garden,Boat Tour,Skyline View,City Park
718,Winery,Museum,Boat Tour,Beach,Mountain Hike,
719,Theater,Winery,,,,
720,Beach,Aquarium,,,,
721,Winery,Amusement Park,Mountain Hike,Art Gallery,Theater,
722,Art Gallery,Local Market,Aquarium,Botanical Garden,Amusement Park,Food Tour
723,Art Gallery,Amusement Park,Theater,,,
724,Art Gallery,Boat Tour,Amusement Park,Mountain Hike,Theater,
725,Temple,Aquarium,,,,
726,Botanical Garden,Shopping Center,Food Tour,Zoo,,
727,City Park,Botanical Garden,Temple,Scenic Train Ride,Historic Site,Beach
728,Theater,City Park,,,,
729,Aquarium,Winery,Amusement Park,,,
730,Museum,Shopping Center,Local Market,Botanical Garden,Winery,
731,Scenic Train Ride,Aquarium,Skyline View,,,
732,Theater,Aquarium,Shopping Center,Scenic Train Ride,Historic Site,City Park
733,Skyline View,Botanical Garden,Museum,Amusement Park,Historic Site,Temple
734,Shopping Center,Zoo,Art Gallery,Theater,Museum,
735,Historic Site,Botanical Garden,Zoo,Scenic Train Ride,,
736,Museum,Zoo,Historic Site,Aquarium,Boat Tour,Winery
737,City Park,Concert,,,,
738,Zoo,Beach,Temple,Skyline View,Art Gallery,
739,Art Gallery,Theater,,,,
740,Beach,Shopping Center,Amusement Park,,,
741,Local Market,Winery,Concert,Temple,,
742,Zoo,City Park,Mountain Hike,,,
743,Amusement Park,Boat Tour,,,,
744,Skyline View,Art Gallery,Historic Site,,,
745,Aquarium,Shopping Center,Temple,City Park,Zoo,Concert
746,Historic Site,Art Gallery,,,,
747,Concert,Shopping Center,,,,
748,Shopping Center,Beach,Boat Tour,Temple,Local Market,Historic Site
749,Local Market,Historic Site,Scenic Train Ride,Boat Tour,,
750,Local Market,Botanical Garden,Skyline View,Museum,Zoo,Art Gallery
751,Historic Site,Winery,Botanical Garden,Boat Tour,Art Gallery,Food Tour
752,Winery,Local Market,Beach,Theater,,
753,Local Market,Historic Site,Amusement Park,Zoo,Concert,
754,Winery,Food Tour,Shopping Center,Beach,Skyline View,
755,City Park,Historic Site,Local Market,Food Tour,Scenic Train Ride,Mountain Hike
756,Scenic Train Ride,Theater,Skyline View,Botanical Garden,City Park,Art Gallery
757,Scenic Train Ride,Winery,Beach,Skyline View,Zoo,City Park
758,Zoo,Mountain Hike,,,,
759,Winery,Temple,,,,
760,Boat Tour,Amusement Park,Art Gallery,Local Market,,
761,Shopping Center,Food Tour,Boat Tour,Aquarium,Historic Site,Beach
762,Skyline View,Theater,,,,
763,Food Tour,City Park,Local Market,,,
764,Historic Site,Mountain Hike,,,,
765,Amusement Park,Art Gallery,,,,
766,Concert,Art Gallery,Skyline View,,,
767,Skyline View,City Park,,,,
768,Zoo,Temple,Skyline View,,,
769,Amusement Park,Scenic Train Ride,Art Gallery,Local Market,Beach,City Park
770,Museum,Mountain Hike,Winery,Theater,,
771,Art Gallery,City Park,Mountain Hike,Museum,Boat Tour,
772,Beach,Museum,Scenic Train Ride,Boat Tour,Botanical Garden,
773,City Park,Beach,Shopping Center,Historic Site,Boat Tour,Art Gallery
774,Temple,Museum,Mountain Hike,Scenic Train Ride,Zoo,
775,Zoo,Aquarium,,,,
776,Historic Site,Botanical Garden,Scenic Train Ride,Zoo,Winery,
777,Aquarium,Boat Tour,Skyline View,Historic Site,Amusement Park,Local Market
778,Art Gallery,Winery,Beach,Aquarium,Zoo,Local Market
779,Winery,Local Market,,,,
780,Theater,Concert,Winery,Amusement Park,Mountain Hike,Historic Site
781,Temple,Scenic Train Ride,Theater,Food Tour,,
782,Winery,Beach,Scenic Train Ride,Shopping Center,,
783,Botanical Garden,Historic Site,Zoo,,,
784,Beach,Food Tour,Shopping Center,Skyline View,Museum,Scenic Train Ride
785,Beach,Botanical Garden,Aquarium,Food Tour,Shopping Center,
786,Zoo,Local Market,Theater,Museum,,
787,Local Market,Concert,Aquarium,Art Gallery,,
788,Theater,Scenic Train Ride,Shopping Center,Winery,,
789,Food Tour,City Park,Theater,Scenic Train Ride,,
790,Museum,Zoo,Scenic Train Ride,Concert,Aquarium,
791,Botanical Garden,Beach,Aquarium,Zoo,Historic Site,Skyline View
792,Mountain Hike,Boat Tour,City Park,,,
793,City Park,Art Gallery,,,,
794,Skyline View,Theater,,,,
795,Theater,Museum,City Park,Shopping Center,Scenic Train Ride,Food Tour
796,Local Market,City Park,,,,
797,Museum,Historic Site,Shopping Center,Theater,Zoo,
798,City Park,Shopping Center,,,,
799,Historic Site,Shopping Center,Botanical Garden,Mountain Hike,Theater,
800,Theater,Temple,Concert,Food Tour,,
801,Scenic Train Ride,Local Market,Amusement Park,Art Gallery,Temple,Shopping Center
802,Shopping Center,Winery,Museum,Local Market,,
803,Mountain Hike,Skyline View,Museum,Historic Site,Zoo,
804,Zoo,Aquarium,Boat Tour,,,
805,Beach,Winery,Food Tour,,,
806,Zoo,Shopping Center,City Park,Concert,Boat Tour,
807,Zoo,Skyline View,,,,
808,Local Market,Boat Tour,Scenic Train Ride,Temple,,
809,Zoo,Concert,Boat Tour,Art Gallery,,
810,Botanical Garden,Beach,Local Market,,,
811,Winery,Museum,,,,
812,Food Tour,Temple,Winery,Scenic Train Ride,Mountain Hike,
813,Temple,Art Gallery,Museum,Food Tour,,
814,Food Tour,Beach,Temple,Zoo,City Park,
815,Historic Site,Shopping Center,,,,
816,Aquarium,Winery,Skyline View,Beach,,
817,Shopping Center,Mountain Hike,,,,
818,Concert,Zoo,Temple,Scenic Train Ride,Mountain Hike,
819,Food Tour,Museum,Aquarium,,,
820,Concert,Temple,Historic Site,,,
821,Botanical Garden,Temple,Art Gallery,Scenic Train Ride,Winery,Historic Site
822,Temple,Botanical Garden,Winery,,,
823,Temple,Beach,Theater,Food Tour,Skyline View,Botanical Garden
824,Shopping Center,Concert,Botanical Garden,Skyline View,Beach,City Park
825,Food Tour,Scenic Train Ride,City Park,Amusement Park,Historic Site,
826,Food Tour,Amusement Park,Shopping Center,Botanical Garden,,
827,Concert,Winery,Historic Site,Art Gallery,,
828,Temple,Skyline View,City Park,Zoo,Museum,Food Tour
829,City Park,Skyline View,Zoo,,,
830,Art Gallery,Temple,Scenic Train Ride,,,
831,Botanical Garden,Art Gallery,Zoo,,,
832,Local Market,Museum,Theater,,,
833,Museum,Boat Tour,Art Gallery,Concert,Theater,Skyline View
834,Winery,Boat Tour,Local Market,,,
835,Botanical Garden,Boat Tour,City Park,,,
836,Concert,Mountain Hike,Amusement Park,Local Market,,
837,Mountain Hike,City Park,Temple,Skyline View,Botanical Garden,
838,Historic Site,City Park,Art Gallery,Temple,,
839,Concert,Theater,Shopping Center,Museum,,
840,Skyline View,City Park,Aquarium,Winery,Theater,Museum
841,Amusement Park,Concert,,,,
842,Zoo,Food Tour,Botanical Garden,Skyline View,Historic Site,Winery
843,Concert,Amusement Park,Beach,Mountain Hike,Zoo,
844,Local Market,Mountain Hike,Beach,Winery,Amusement Park,
845,Theater,Boat Tour,Winery,,,
846,Botanical Garden,Zoo,Food Tour,Boat Tour,Scenic Train Ride,Mountain Hike
847,Botanical Garden,Local Market,,,,
848,Scenic Train Ride,Art Gallery,Shopping Center,City Park,Concert,
849,City Park,Shopping Center,Art Gallery,Temple,,
850,Theater,Beach,Temple,Skyline View,,
851,Museum,Historic Site,,,,
852,Local Market,City Park,Temple,Historic Site,Concert,
853,Mountain Hike,Food Tour,Botanical Garden,Zoo,,
854,Amusement Park,Local Market,Scenic Train Ride,Zoo,Beach,
855,Museum,Winery,,,,
856,Food Tour,City Park,Local Market,Skyline View,,
857,Skyline View,Boat Tour,Museum,Aquarium,Botanical Garden,
858,Amusement Park,Theater,Aquarium,Concert,City Park,Zoo
859,Shopping Center,Food Tour,,,,
860,Winery,Concert,,,,
861,Boat Tour,Aquarium,,,,
862,Historic Site,Shopping Center,,,,
863,Zoo,Mountain Hike,Scenic Train Ride,,,
864,City Park,Botanical Garden,Mountain Hike,Food Tour,Skyline View,Museum
865,Food Tour,Museum,Botanical Garden,,,
866,City Park,Scenic Train Ride,Art Gallery,Zoo,Mountain Hike,
867,Local Market,Art Gallery,Historic Site,Museum,,
868,Mountain Hike,Aquarium,,,,
869,Concert,Boat Tour,Botanical Garden,Beach,Zoo,
870,Theater,Botanical Garden,Art Gallery,Shopping Center,Boat Tour,
871,Botanical Garden,Food Tour,Beach,Boat Tour,,
872,Botanical Garden,Amusement Park,Temple,,,
873,Local Market,Amusement Park,Shopping Center,,,
874,Mountain Hike,Temple,Concert,Food Tour,Amusement Park,
875,Skyline View,Amusement Park,Museum,,,
876,Botanical Garden,Scenic Train Ride,,,,
877,Winery,Boat Tour,Concert,Zoo,,
878,Local Market,Amusement Park,,,,
879,Theater,Zoo,Food Tour,Winery,,
880,Scenic Train Ride,Theater,Boat Tour,Local Market,Food Tour,Temple
881,City Park,Mountain Hike,Historic Site,Theater,Food Tour,Amusement Park
882,Mountain Hike,Botanical Garden,,,,
883,Boat Tour,Skyline View,Museum,Zoo,Concert,Mountain Hike
884,Scenic Train Ride,Boat Tour,Zoo,Beach,Food Tour,Mountain Hike
885,Food Tour,Mountain Hike,Beach,Historic Site,,
886,City Park,Winery,Aquarium,,,
887,Scenic Train Ride,Shopping Center,Food Tour,,,
888,Theater,Shopping Center,,,,
889,City Park,Skyline View,Theater,Beach,,
890,Museum,Mountain Hike,Theater,Food Tour,Botanical Garden,Scenic Train Ride
891,Beach,City Park,Temple,,,
892,Local Market,Beach,Winery,Theater,,
893,Museum,Skyline View,Art Gallery,Food Tour,,
894,Amusement Park,Museum,City Park,Shopping Center,Temple,
895,Beach,Skyline View,Local Market,Amusement Park,Zoo,Winery
896,Museum,Shopping Center,Concert,,,
897,Botanical Garden,Theater,,,,
898,Botanical Garden,Mountain Hike,Historic Site,Concert,Museum,
899,Museum,Concert,Scenic Train Ride,Amusement Park,City Park,
900,Botanical Garden,Mountain Hike,Boat Tour,Art Gallery,,
901,Museum,Botanical Garden,Temple,,,
902,Botanical Garden,Temple,Museum,Historic Site,,
903,Winery,Boat Tour,Skyline View,Concert,,
904,Skyline View,Temple,Concert,Art Gallery,Botanical Garden,Scenic Train Ride
905,Temple,Museum,Theater,Amusement Park,Art Gallery,Botanical Garden
906,Theater,Food Tour,Mountain Hike,Art Gallery,,
907,Food Tour,Beach,City Park,Boat Tour,,
908,Boat Tour,Theater,Art Gallery,,,
909,Amusement Park,Beach,Food Tour,City Park,Skyline View,Botanical Garden
910,Theater,Beach,Mountain Hike,Shopping Center,Botanical Garden,Art Gallery
911,Mountain Hike,Theater,,,,
912,Mountain Hike,Beach,Art Gallery,Winery,Food Tour,
913,Temple,Boat Tour,Skyline View,City Park,Art Gallery,Aquarium
914,Local Market,Zoo,,,,
915,Art Gallery,Zoo,Winery,Food Tour,Historic Site,Boat Tour
916,Local Market,Amusement Park,Art Gallery,Concert,,
917,Beach,Art Gallery,Museum,Botanical Garden,,
918,Amusement Park,Scenic Train Ride,Temple,,,
919,Concert,City Park,,,,
920,Skyline View,Shopping Center,Scenic Train Ride,Aquarium,Concert,
921,Botanical Garden,Concert,Scenic Train Ride,,,
922,Art Gallery,Amusement Park,Botanical Garden,,,
923,Concert,Botanical Garden,Temple,Zoo,Museum,
924,Museum,Theater,Boat Tour,Mountain Hike,Temple,
925,Scenic Train Ride,Food Tour,,,,
926,Theater,Temple,Beach,Mountain Hike,Concert,Winery
927,Skyline View,Temple,Winery,City Park,Beach,Zoo
928,Mountain Hike,Food Tour,Skyline View,,,
929,Skyline View,Concert,Winery,Museum,,
930,Skyline View,City Park,Shopping Center,,,
931,City Park,Amusement Park,Aquarium,Theater,,
932,Art Gallery,Botanical Garden,Skyline View,Local Market,Shopping Center,
933,Temple,City Park,Shopping Center,Winery,Theater,Museum
934,Winery,Temple,Historic Site,City Park,Museum,
935,Art Gallery,Concert,,,,
936,Museum,Mountain Hike,Boat Tour,Shopping Center,Art Gallery,
937,Amusement Park,Temple,Boat Tour,Botanical Garden,,
938,Beach,Scenic Train Ride,,,,
939,Food Tour,Temple,Concert,Beach,,
940,Skyline View,Temple,Museum,Art Gallery,Winery,Scenic Train Ride
941,Beach,Mountain Hike,Local Market,Aquarium,,
942,Local Market,Mountain Hike,Theater,,,
943,Theater,Scenic Train Ride,Shopping Center,,,
944,Museum,Botanical Garden,Mountain Hike,Historic Site,Zoo,Art Gallery
945,Boat Tour,Mountain Hike,Scenic Train Ride,,,
946,Aquarium,Food Tour,Shopping Center,Temple,Skyline View,Boat Tour
947,Temple,Scenic Train Ride,,,,
948,Boat Tour,Botanical Garden,City Park,,,
949,City Park,Mountain Hike,Skyline View,Scenic Train Ride,Museum,Boat Tour
950,Skyline View,Zoo,Food Tour,,,
951,Historic Site,Mountain Hike,Museum,Local Market,Skyline View,
952,Skyline View,Winery,,,,
953,Aquarium,Beach,Zoo,,,
954,Shopping Center,Botanical Garden,Amusement Park,Concert,,
955,Shopping Center,Scenic Train Ride,,,,
956,Amusement Park,Zoo,Aquarium,Scenic Train Ride,,
957,City Park,Theater,Temple,Historic Site,,
958,Zoo,Theater,Botanical Garden,Scenic Train Ride,Food Tour,
959,Aquarium,Skyline View,Temple,Winery,Mountain Hike,Concert
960,Zoo,Winery,City Park,Local Market,,
961,Winery,Amusement Park,Mountain Hike,Art Gallery,Skyline View,
962,Amusement Park,Theater,Beach,Shopping Center,Scenic Train Ride,Food Tour
963,Botanical Garden,Winery,Shopping Center,Museum,Local Market,
964,Zoo,Food Tour,Amusement Park,Skyline View,,
965,Winery,Aquarium,Museum,,,
966,Winery,Concert,Historic Site,,,
967,Scenic Train Ride,Temple,Amusement Park,Theater,,
968,Theater,Aquarium,,,,
969,Mountain Hike,Botanical Garden,City Park,Skyline View,Zoo,Temple
970,Theater,Art Gallery,,,,
971,Temple,Scenic Train Ride,Skyline View,,,
972,Skyline View,Boat Tour,Botanical Garden,Food Tour,,
973,Art Gallery,Beach,Historic Site,,,
974,Concert,Boat Tour,Museum,Zoo,Aquarium,
975,Winery,Museum,,,,
976,Historic Site,Concert,Shopping Center,Scenic Train Ride,City Park,Skyline View
977,City Park,Botanical Garden,Local Market,Amusement Park,Historic Site,
978,Local Market,Art Gallery,Historic Site,,,
979,Local Market,Scenic Train Ride,,,,
980,Temple,Local Market,,,,
981,Museum,Local Market,Scenic Train Ride,,,
982,Museum,Concert,Scenic Train Ride,Shopping Center,,
983,Skyline View,Museum,Botanical Garden,,,
984,Skyline View,Theater,Mountain Hike,Boat Tour,Concert,Aquarium
985,Zoo,Skyline View,Amusement Park,Art Gallery,,
986,Amusement Park,Food Tour,Beach,,,
987,Boat Tour,Scenic Train Ride,Winery,,,
988,Theater,Skyline View,Museum,Scenic Train Ride,Shopping Center,Zoo
989,Theater,Temple,Aquarium,Historic Site,Amusement Park,
990,Winery,City Park,,,,
991,Beach,Shopping Center,Temple,Botanical Garden,Food Tour,
992,City Park,Beach,Zoo,Mountain Hike,Theater,Food Tour
993,Botanical Garden,Temple,,,,
994,Zoo,Botanical Garden,Amusement Park,Scenic Train Ride,Winery,Museum
995,Food Tour,Theater,Concert,Scenic Train Ride,Museum,
996,Amusement Park,Scenic Train Ride,Zoo,,,
997,Shopping Center,Boat Tour,Scenic Train Ride,Botanical Garden,Aquarium,
998,Mountain Hike,Shopping Center,Botanical Garden,Boat Tour,Historic Site,
999,Concert,Zoo,,,,
